,Date,Region,Gastroenteritis,Cholera,Infectious Hepatitis,Typhoid,Malaria,Dengue,Filaria,TB,Leprosy,Guinea Worm,Measles,Diarrhea,Chikungunya,Shigellosis
0,2016-01-01,Hassan,74,0,21,119,1,0,0,50,1,0,1,1342,0,596
1,2016-01-02,Hassan,75,0,23,119,1,0,0,47,1,0,1,1357,0,603
2,2016-01-03,Hassan,75,0,24,118,1,0,0,44,1,0,1,1370,0,609
3,2016-01-04,Hassan,76,0,26,118,1,0,0,42,0,0,1,1382,0,615
4,2016-01-05,Hassan,76,0,27,117,1,0,0,40,0,0,1,1392,0,621
5,2016-01-06,Hassan,77,0,29,116,1,0,0,38,0,0,0,1401,0,626
6,2016-01-07,Hassan,77,0,30,115,1,0,0,36,0,0,0,1409,0,630
7,2016-01-08,Hassan,77,0,31,115,1,0,0,35,0,0,0,1416,0,635
8,2016-01-09,Hassan,78,0,32,114,1,0,0,33,0,0,0,1422,0,638
9,2016-01-10,Hassan,78,0,33,113,1,0,0,32,0,0,0,1426,0,642
10,2016-01-11,Hassan,78,0,34,112,1,0,0,31,0,0,0,1430,0,645
11,2016-01-12,Hassan,78,0,35,111,1,0,0,31,0,0,0,1432,0,648
12,2016-01-13,Hassan,78,0,36,110,1,0,0,30,0,0,0,1434,0,651
13,2016-01-14,Hassan,79,0,36,109,1,0,0,30,0,0,0,1434,0,653
14,2016-01-15,Hassan,79,0,37,107,1,0,0,30,0,0,0,1434,0,655
15,2016-01-16,Hassan,79,0,37,106,1,0,0,30,0,0,0,1433,0,657
16,2016-01-17,Hassan,79,0,38,105,1,0,0,30,0,0,0,1432,0,658
17,2016-01-18,Hassan,79,0,38,104,1,0,0,31,0,0,0,1429,0,660
18,2016-01-19,Hassan,79,0,38,102,1,0,0,31,0,0,0,1426,0,661
19,2016-01-20,Hassan,79,0,39,101,1,0,0,32,0,0,0,1422,0,662
20,2016-01-21,Hassan,79,0,39,100,1,0,0,33,0,0,0,1418,0,662
21,2016-01-22,Hassan,78,0,39,99,1,0,0,34,0,0,0,1414,0,663
22,2016-01-23,Hassan,78,0,39,97,1,0,0,35,0,0,0,1408,0,663
23,2016-01-24,Hassan,78,0,39,96,1,0,0,36,0,0,0,1403,0,663
24,2016-01-25,Hassan,78,0,39,95,1,0,0,37,0,0,0,1397,0,663
25,2016-01-26,Hassan,78,0,39,93,1,0,0,38,0,0,0,1391,0,663
26,2016-01-27,Hassan,78,0,38,92,1,0,0,40,0,0,0,1385,0,663
27,2016-01-28,Hassan,78,0,38,91,1,0,0,41,0,0,0,1378,0,663
28,2016-01-29,Hassan,78,0,38,90,1,0,0,43,0,0,0,1371,0,663
29,2016-01-30,Hassan,77,0,38,88,1,0,0,45,0,0,0,1365,0,663
30,2016-01-31,Hassan,77,0,37,87,1,0,0,46,0,0,0,1358,0,662
31,2016-02-01,Hassan,77,0,37,86,1,0,0,48,0,0,0,1351,0,662
32,2016-02-02,Hassan,77,0,37,85,1,0,0,50,0,0,0,1344,0,662
33,2016-02-03,Hassan,77,0,36,84,1,0,0,52,0,0,0,1338,0,661
34,2016-02-04,Hassan,77,0,36,83,1,0,0,53,0,0,0,1331,0,661
35,2016-02-05,Hassan,76,0,35,82,1,0,0,55,0,0,0,1325,0,661
36,2016-02-06,Hassan,76,0,35,81,1,1,0,57,0,0,0,1319,0,661
37,2016-02-07,Hassan,76,0,34,80,1,1,0,59,1,0,0,1313,0,660
38,2016-02-08,Hassan,76,0,34,79,1,1,0,61,1,0,0,1308,0,660
39,2016-02-09,Hassan,76,0,33,78,1,1,0,63,1,0,0,1303,0,660
40,2016-02-10,Hassan,76,0,33,78,1,1,0,64,1,0,0,1299,0,661
41,2016-02-11,Hassan,76,0,32,77,1,1,0,66,1,0,0,1295,0,661
42,2016-02-12,Hassan,76,0,31,77,1,1,0,68,1,0,0,1291,0,661
43,2016-02-13,Hassan,76,0,31,76,1,1,0,70,1,0,1,1289,0,662
44,2016-02-14,Hassan,76,0,30,76,1,2,0,71,1,0,1,1287,0,663
45,2016-02-15,Hassan,76,0,30,76,1,2,0,73,1,0,1,1285,0,664
46,2016-02-16,Hassan,76,0,29,75,1,2,0,74,1,0,1,1285,0,665
47,2016-02-17,Hassan,76,0,28,75,1,2,0,76,1,0,1,1285,0,667
48,2016-02-18,Hassan,76,0,28,75,1,2,0,77,2,0,1,1286,0,668
49,2016-02-19,Hassan,76,0,27,75,1,2,0,78,2,0,1,1288,0,670
50,2016-02-20,Hassan,76,0,27,76,1,2,0,79,2,0,1,1291,0,672
51,2016-02-21,Hassan,77,0,26,76,1,2,0,81,2,0,1,1295,0,675
52,2016-02-22,Hassan,77,0,25,77,1,2,0,81,2,0,1,1300,0,678
53,2016-02-23,Hassan,77,0,25,77,1,2,0,82,2,0,1,1306,0,681
54,2016-02-24,Hassan,78,0,24,78,1,3,0,83,2,0,1,1314,1,684
55,2016-02-25,Hassan,78,0,24,79,1,3,0,84,2,0,1,1322,1,688
56,2016-02-26,Hassan,79,0,24,80,1,3,0,84,2,0,1,1332,1,692
57,2016-02-27,Hassan,79,0,23,81,1,3,0,84,2,0,1,1343,1,697
58,2016-02-28,Hassan,80,0,23,82,1,3,0,84,2,0,1,1356,1,702
59,2016-02-29,Hassan,80,0,22,83,1,3,0,84,2,0,1,1370,1,707
60,2016-03-01,Hassan,81,0,22,85,1,3,0,84,2,0,1,1385,1,713
61,2016-03-02,Hassan,82,0,22,87,1,3,0,84,2,0,1,1402,1,719
62,2016-03-03,Hassan,83,0,21,89,1,3,0,83,2,0,1,1420,1,726
63,2016-03-04,Hassan,83,0,21,91,1,3,0,82,2,0,1,1440,1,733
64,2016-03-05,Hassan,84,0,21,93,1,3,0,81,2,0,1,1460,1,740
65,2016-03-06,Hassan,85,0,21,95,1,3,0,80,2,0,1,1482,2,748
66,2016-03-07,Hassan,86,0,21,97,1,3,0,79,2,0,1,1505,2,756
67,2016-03-08,Hassan,87,0,21,100,1,3,0,78,2,0,1,1528,2,764
68,2016-03-09,Hassan,88,0,21,102,1,3,0,76,2,0,1,1552,2,772
69,2016-03-10,Hassan,89,0,21,105,1,3,0,75,2,0,1,1576,2,780
70,2016-03-11,Hassan,91,0,21,107,1,3,0,73,2,0,1,1601,2,789
71,2016-03-12,Hassan,92,0,21,110,1,3,0,72,1,0,1,1626,2,797
72,2016-03-13,Hassan,93,0,21,112,1,3,0,70,1,0,1,1651,3,806
73,2016-03-14,Hassan,94,0,21,115,1,3,0,68,1,0,1,1676,3,814
74,2016-03-15,Hassan,96,0,21,118,1,3,0,66,1,0,1,1701,3,823
75,2016-03-16,Hassan,97,0,21,120,1,3,0,64,1,0,1,1725,3,831
76,2016-03-17,Hassan,98,0,21,123,1,3,0,62,1,0,1,1749,3,840
77,2016-03-18,Hassan,100,0,21,126,1,3,0,61,1,0,1,1773,3,848
78,2016-03-19,Hassan,101,0,21,128,1,3,0,59,1,0,0,1795,3,856
79,2016-03-20,Hassan,102,0,21,131,1,3,0,57,1,0,0,1817,4,864
80,2016-03-21,Hassan,104,0,21,133,1,3,0,55,1,0,0,1838,4,871
81,2016-03-22,Hassan,105,0,21,136,1,3,0,53,1,0,0,1858,4,878
82,2016-03-23,Hassan,107,0,22,138,1,3,0,51,1,0,0,1877,4,885
83,2016-03-24,Hassan,108,0,22,141,1,3,0,49,0,0,0,1894,4,892
84,2016-03-25,Hassan,110,0,22,143,1,4,0,48,0,0,0,1910,4,898
85,2016-03-26,Hassan,111,0,22,145,1,4,0,46,0,0,0,1924,4,903
86,2016-03-27,Hassan,113,0,22,147,1,4,0,44,0,0,0,1936,4,908
87,2016-03-28,Hassan,114,0,22,148,1,4,0,43,0,0,0,1947,5,913
88,2016-03-29,Hassan,116,0,23,150,1,4,0,41,0,0,0,1956,5,917
89,2016-03-30,Hassan,117,0,23,152,1,4,0,40,0,0,0,1962,5,920
90,2016-03-31,Hassan,119,0,23,153,1,4,0,39,0,0,0,1966,5,923
91,2016-04-01,Hassan,120,0,23,154,1,4,0,38,0,0,0,1968,5,925
92,2016-04-02,Hassan,121,0,23,155,1,4,0,37,0,0,0,1967,5,926
93,2016-04-03,Hassan,123,0,23,156,1,4,0,36,0,0,0,1964,5,927
94,2016-04-04,Hassan,124,0,23,156,1,4,0,36,0,0,0,1959,5,927
95,2016-04-05,Hassan,126,0,23,157,1,4,0,35,0,0,0,1951,5,927
96,2016-04-06,Hassan,127,0,24,157,1,5,0,35,0,0,0,1942,5,925
97,2016-04-07,Hassan,128,0,24,157,1,5,0,35,0,0,0,1930,5,924
98,2016-04-08,Hassan,130,0,24,157,1,5,0,34,0,0,0,1917,6,921
99,2016-04-09,Hassan,131,0,24,157,1,5,0,34,0,0,0,1902,6,919
100,2016-04-10,Hassan,132,0,24,157,1,5,0,34,0,0,0,1886,6,915
101,2016-04-11,Hassan,133,0,24,156,1,6,0,35,0,0,0,1868,6,912
102,2016-04-12,Hassan,135,0,24,156,1,6,0,35,0,0,0,1849,6,907
103,2016-04-13,Hassan,136,0,24,155,1,6,0,35,0,0,0,1828,6,903
104,2016-04-14,Hassan,137,0,24,154,1,7,0,36,0,0,0,1807,6,898
105,2016-04-15,Hassan,138,0,24,153,1,7,0,36,0,0,0,1785,6,893
106,2016-04-16,Hassan,138,0,24,152,1,7,0,37,0,0,0,1762,6,888
107,2016-04-17,Hassan,139,0,24,151,1,8,0,37,0,0,0,1738,7,882
108,2016-04-18,Hassan,140,0,24,150,2,8,0,38,0,0,0,1714,7,876
109,2016-04-19,Hassan,140,0,24,149,2,9,0,38,0,0,0,1690,7,870
110,2016-04-20,Hassan,141,0,24,148,2,10,0,39,0,0,0,1665,7,863
111,2016-04-21,Hassan,141,0,24,147,2,10,0,40,0,0,0,1640,7,857
112,2016-04-22,Hassan,142,0,24,146,2,11,0,41,0,0,0,1615,8,850
113,2016-04-23,Hassan,142,0,25,144,2,12,0,42,0,0,0,1590,8,844
114,2016-04-24,Hassan,142,0,25,143,2,12,0,43,1,0,0,1566,8,837
115,2016-04-25,Hassan,142,0,25,142,2,13,0,43,1,0,0,1542,8,830
116,2016-04-26,Hassan,142,0,25,140,2,14,0,44,1,0,0,1518,9,823
117,2016-04-27,Hassan,141,0,25,139,2,15,0,45,1,0,0,1495,9,817
118,2016-04-28,Hassan,141,0,25,138,2,16,0,46,1,0,0,1472,10,810
119,2016-04-29,Hassan,141,0,25,136,2,17,0,47,1,0,0,1451,10,804
120,2016-04-30,Hassan,140,0,25,135,2,18,0,48,1,0,0,1430,11,797
121,2016-05-01,Hassan,139,0,25,134,2,19,0,49,1,0,0,1411,11,791
122,2016-05-02,Hassan,138,0,25,133,2,20,0,50,1,0,0,1393,12,785
123,2016-05-03,Hassan,137,0,25,132,2,21,0,51,1,0,0,1376,12,779
124,2016-05-04,Hassan,136,0,25,131,2,23,0,52,1,0,0,1360,13,773
125,2016-05-05,Hassan,134,0,25,130,2,24,0,52,1,0,0,1345,13,768
126,2016-05-06,Hassan,133,0,25,129,2,26,0,53,1,0,0,1332,14,762
127,2016-05-07,Hassan,131,0,26,128,2,27,0,54,1,0,0,1319,15,757
128,2016-05-08,Hassan,130,0,26,127,2,28,0,55,1,0,0,1307,15,752
129,2016-05-09,Hassan,128,0,26,126,2,30,0,56,2,0,0,1296,16,747
130,2016-05-10,Hassan,126,0,26,125,2,31,0,56,2,0,0,1287,17,742
131,2016-05-11,Hassan,124,0,26,124,2,33,0,57,2,0,0,1278,17,737
132,2016-05-12,Hassan,122,0,26,123,2,35,0,58,2,0,0,1269,18,733
133,2016-05-13,Hassan,120,0,26,123,2,36,0,58,2,0,0,1262,19,728
134,2016-05-14,Hassan,118,0,26,122,2,38,0,59,2,0,0,1255,20,723
135,2016-05-15,Hassan,116,0,27,122,2,39,0,59,2,0,0,1249,20,719
136,2016-05-16,Hassan,114,0,27,121,2,41,0,60,2,0,0,1244,21,714
137,2016-05-17,Hassan,112,0,27,120,2,42,0,60,2,0,0,1239,22,710
138,2016-05-18,Hassan,109,0,27,120,2,44,0,61,2,0,0,1235,22,705
139,2016-05-19,Hassan,107,0,27,120,2,46,0,61,2,0,0,1231,23,701
140,2016-05-20,Hassan,105,0,27,119,2,47,0,62,2,0,0,1228,24,697
141,2016-05-21,Hassan,103,0,27,119,2,49,0,62,2,0,0,1225,24,692
142,2016-05-22,Hassan,101,0,28,119,2,50,0,62,2,0,0,1223,25,688
143,2016-05-23,Hassan,99,0,28,118,2,51,0,63,2,0,0,1220,25,683
144,2016-05-24,Hassan,97,0,28,118,2,53,0,63,2,0,0,1219,26,679
145,2016-05-25,Hassan,95,0,28,118,2,54,0,63,2,0,0,1217,27,674
146,2016-05-26,Hassan,93,0,28,118,2,55,0,63,2,0,0,1216,27,670
147,2016-05-27,Hassan,91,0,28,118,2,57,0,63,2,0,0,1214,27,665
148,2016-05-28,Hassan,90,0,28,118,2,58,0,63,2,0,0,1213,28,660
149,2016-05-29,Hassan,88,0,29,118,2,59,0,63,2,0,0,1212,28,655
150,2016-05-30,Hassan,87,0,29,118,2,60,0,63,2,0,0,1211,29,650
151,2016-05-31,Hassan,85,0,29,118,2,61,0,63,2,0,0,1210,29,645
152,2016-06-01,Hassan,84,0,29,118,2,62,0,63,2,0,0,1209,29,640
153,2016-06-02,Hassan,83,0,29,118,2,63,0,63,2,0,0,1208,29,635
154,2016-06-03,Hassan,82,0,29,118,2,64,0,63,2,0,0,1207,29,629
155,2016-06-04,Hassan,81,0,29,119,2,64,0,62,2,0,0,1205,29,624
156,2016-06-05,Hassan,80,0,29,119,2,65,0,62,2,0,0,1204,29,618
157,2016-06-06,Hassan,80,0,30,119,2,65,0,62,2,0,0,1202,29,613
158,2016-06-07,Hassan,79,0,30,120,2,66,0,61,2,0,0,1201,29,607
159,2016-06-08,Hassan,78,0,30,120,2,66,0,61,2,0,0,1199,29,601
160,2016-06-09,Hassan,78,0,30,121,1,67,0,60,2,0,0,1197,29,596
161,2016-06-10,Hassan,78,0,30,121,1,67,0,60,2,0,0,1196,29,590
162,2016-06-11,Hassan,78,0,30,122,1,67,0,59,1,0,0,1194,28,585
163,2016-06-12,Hassan,77,0,30,123,1,67,0,59,1,0,0,1192,28,580
164,2016-06-13,Hassan,77,0,30,123,1,67,0,58,1,0,0,1190,28,575
165,2016-06-14,Hassan,77,0,30,124,1,67,0,57,1,0,0,1188,27,570
166,2016-06-15,Hassan,77,0,30,125,1,67,0,57,1,0,0,1186,27,565
167,2016-06-16,Hassan,77,0,30,126,1,67,0,56,1,0,0,1185,27,561
168,2016-06-17,Hassan,77,0,30,127,1,67,0,55,1,0,0,1183,26,557
169,2016-06-18,Hassan,77,0,30,127,1,67,0,55,1,0,0,1181,26,553
170,2016-06-19,Hassan,78,0,30,128,1,67,0,54,1,0,0,1179,25,549
171,2016-06-20,Hassan,78,0,30,130,1,67,0,53,1,0,0,1177,25,546
172,2016-06-21,Hassan,78,0,30,131,0,67,0,53,1,0,0,1175,24,543
173,2016-06-22,Hassan,78,0,30,132,0,66,0,52,1,0,0,1173,24,540
174,2016-06-23,Hassan,78,0,30,133,0,66,0,51,1,0,0,1171,23,538
175,2016-06-24,Hassan,78,0,30,134,0,66,0,51,0,0,0,1170,23,536
176,2016-06-25,Hassan,79,0,29,135,0,65,0,50,0,0,0,1168,22,535
177,2016-06-26,Hassan,79,0,29,137,0,65,0,49,0,0,0,1166,22,534
178,2016-06-27,Hassan,79,0,29,138,0,65,0,49,0,0,0,1165,21,534
179,2016-06-28,Hassan,79,0,29,139,0,64,0,48,0,0,0,1163,21,535
180,2016-06-29,Hassan,79,0,29,141,0,64,0,47,0,0,0,1162,20,535
181,2016-06-30,Hassan,79,0,28,142,0,63,0,47,0,0,0,1160,20,537
182,2016-07-01,Hassan,79,0,28,144,0,63,0,46,0,0,0,1159,19,539
183,2016-07-02,Hassan,79,0,28,146,0,63,0,45,0,0,0,1158,19,542
184,2016-07-03,Hassan,79,0,27,147,0,62,0,45,0,0,0,1157,18,545
185,2016-07-04,Hassan,79,0,27,149,0,62,0,44,0,0,0,1156,18,549
186,2016-07-05,Hassan,78,0,27,151,0,61,0,44,0,0,0,1155,17,553
187,2016-07-06,Hassan,78,0,26,152,0,61,0,43,0,0,0,1154,17,558
188,2016-07-07,Hassan,78,0,26,154,0,60,0,43,0,0,0,1153,16,564
189,2016-07-08,Hassan,77,0,25,156,0,60,0,42,0,0,0,1152,16,569
190,2016-07-09,Hassan,77,0,25,158,0,59,0,42,0,0,0,1152,15,575
191,2016-07-10,Hassan,77,0,24,160,0,59,0,42,0,0,0,1151,15,582
192,2016-07-11,Hassan,76,0,24,162,0,59,0,41,0,0,0,1151,15,588
193,2016-07-12,Hassan,76,0,23,164,0,58,0,41,0,0,0,1151,14,595
194,2016-07-13,Hassan,75,0,23,165,0,58,0,41,0,0,0,1150,14,602
195,2016-07-14,Hassan,75,0,22,167,0,57,0,41,0,0,0,1150,14,609
196,2016-07-15,Hassan,74,0,22,169,0,57,0,40,0,0,0,1150,13,617
197,2016-07-16,Hassan,74,0,21,171,0,56,0,40,0,0,0,1150,13,624
198,2016-07-17,Hassan,73,0,21,173,1,56,0,40,0,0,0,1151,13,631
199,2016-07-18,Hassan,73,0,20,175,1,55,0,40,0,0,0,1151,12,638
200,2016-07-19,Hassan,72,0,20,177,1,55,0,40,0,0,0,1151,12,646
201,2016-07-20,Hassan,72,0,19,178,1,54,0,40,0,0,0,1152,12,653
202,2016-07-21,Hassan,71,0,19,180,1,54,0,40,0,0,0,1152,11,660
203,2016-07-22,Hassan,71,0,18,182,1,53,0,40,0,0,0,1153,11,666
204,2016-07-23,Hassan,70,0,18,183,1,53,0,40,0,0,0,1154,11,673
205,2016-07-24,Hassan,70,0,18,185,1,52,0,41,0,0,0,1155,11,679
206,2016-07-25,Hassan,69,0,17,187,1,52,0,41,0,0,0,1156,10,685
207,2016-07-26,Hassan,69,0,17,188,1,52,0,41,0,0,0,1157,10,690
208,2016-07-27,Hassan,68,0,16,190,1,51,0,41,0,0,0,1158,10,695
209,2016-07-28,Hassan,68,0,16,191,2,51,0,42,0,0,0,1160,10,700
210,2016-07-29,Hassan,68,0,16,192,2,50,0,42,0,0,0,1161,10,704
211,2016-07-30,Hassan,67,0,15,194,2,50,0,43,0,0,0,1163,9,708
212,2016-07-31,Hassan,67,0,15,195,2,49,0,43,0,0,0,1164,9,711
213,2016-08-01,Hassan,67,0,15,196,2,49,0,44,0,0,0,1166,9,713
214,2016-08-02,Hassan,67,0,15,197,2,49,0,45,0,0,0,1168,9,715
215,2016-08-03,Hassan,67,0,15,198,2,48,0,45,0,0,0,1170,9,716
216,2016-08-04,Hassan,67,0,14,199,2,48,0,46,0,0,0,1172,9,716
217,2016-08-05,Hassan,67,0,14,200,2,47,0,47,0,0,0,1174,8,716
218,2016-08-06,Hassan,67,0,14,200,3,47,0,48,0,0,0,1176,8,716
219,2016-08-07,Hassan,67,0,14,201,3,47,0,49,0,0,0,1178,8,714
220,2016-08-08,Hassan,67,0,14,202,3,46,0,50,0,0,0,1180,8,713
221,2016-08-09,Hassan,67,0,14,202,3,46,0,51,0,0,0,1181,8,711
222,2016-08-10,Hassan,67,0,14,203,3,45,0,52,0,0,0,1183,8,709
223,2016-08-11,Hassan,67,0,14,203,3,45,0,53,0,0,0,1184,8,706
224,2016-08-12,Hassan,67,0,14,203,3,45,0,53,0,0,0,1185,8,703
225,2016-08-13,Hassan,68,0,14,203,3,44,0,54,0,0,0,1186,8,700
226,2016-08-14,Hassan,68,0,14,204,3,44,0,55,0,0,0,1186,7,696
227,2016-08-15,Hassan,68,0,15,204,4,43,0,56,0,0,0,1186,7,693
228,2016-08-16,Hassan,68,0,15,204,4,43,0,57,0,0,0,1186,7,689
229,2016-08-17,Hassan,69,0,15,204,4,43,0,58,0,0,0,1185,7,685
230,2016-08-18,Hassan,69,0,15,203,4,42,0,59,0,0,0,1184,7,681
231,2016-08-19,Hassan,69,0,15,203,4,42,0,60,0,0,0,1182,7,677
232,2016-08-20,Hassan,70,0,15,203,4,41,0,60,0,0,0,1180,7,673
233,2016-08-21,Hassan,70,0,15,203,4,41,0,61,0,0,0,1177,7,669
234,2016-08-22,Hassan,70,0,16,202,4,40,0,62,0,0,0,1174,7,666
235,2016-08-23,Hassan,71,0,16,202,4,40,0,62,0,0,0,1170,7,662
236,2016-08-24,Hassan,71,0,16,201,4,39,0,63,0,0,0,1165,7,658
237,2016-08-25,Hassan,71,0,16,201,4,39,0,63,0,0,0,1159,7,655
238,2016-08-26,Hassan,71,0,16,200,4,38,0,64,0,0,0,1153,7,652
239,2016-08-27,Hassan,72,0,16,199,4,38,0,64,0,0,0,1146,6,649
240,2016-08-28,Hassan,72,0,16,199,4,37,0,64,0,0,0,1138,6,646
241,2016-08-29,Hassan,72,0,17,198,4,37,0,64,0,0,0,1130,6,644
242,2016-08-30,Hassan,73,0,17,197,4,36,0,64,0,0,0,1120,6,642
243,2016-08-31,Hassan,73,0,17,196,4,36,0,64,0,0,0,1110,6,641
244,2016-09-01,Hassan,73,0,17,195,4,35,0,64,0,0,0,1098,6,640
245,2016-09-02,Hassan,73,0,17,194,4,34,0,64,0,0,0,1085,6,640
246,2016-09-03,Hassan,73,0,17,193,4,34,0,63,0,0,0,1072,6,639
247,2016-09-04,Hassan,74,0,17,192,4,33,0,63,0,0,0,1058,6,640
248,2016-09-05,Hassan,74,0,17,191,4,32,0,62,0,0,0,1043,6,641
249,2016-09-06,Hassan,74,0,17,189,4,32,0,61,0,0,0,1027,5,642
250,2016-09-07,Hassan,74,0,18,188,3,31,0,60,0,0,0,1011,5,644
251,2016-09-08,Hassan,74,0,18,187,3,30,0,59,0,0,0,995,5,645
252,2016-09-09,Hassan,74,0,18,185,3,29,0,59,0,0,0,978,5,648
253,2016-09-10,Hassan,74,0,18,184,3,29,0,57,0,0,0,961,5,650
254,2016-09-11,Hassan,74,0,18,183,3,28,0,56,0,0,0,943,5,653
255,2016-09-12,Hassan,74,0,18,181,3,27,0,55,0,0,0,926,5,656
256,2016-09-13,Hassan,74,0,18,180,3,26,0,54,0,0,0,909,4,659
257,2016-09-14,Hassan,74,0,18,178,2,26,0,53,0,0,0,892,4,663
258,2016-09-15,Hassan,74,0,18,176,2,25,0,52,0,0,0,875,4,666
259,2016-09-16,Hassan,74,0,18,175,2,24,0,50,0,0,0,858,4,670
260,2016-09-17,Hassan,74,0,18,173,2,24,0,49,0,0,0,842,4,674
261,2016-09-18,Hassan,74,0,18,171,2,23,0,48,0,0,0,827,4,678
262,2016-09-19,Hassan,74,0,18,170,2,22,0,47,0,0,0,812,4,682
263,2016-09-20,Hassan,74,0,18,168,2,21,0,45,0,0,0,797,4,686
264,2016-09-21,Hassan,74,0,18,166,1,21,0,44,0,0,0,784,3,690
265,2016-09-22,Hassan,74,0,18,164,1,20,0,43,0,0,0,771,3,694
266,2016-09-23,Hassan,74,0,18,162,1,19,0,42,0,0,0,760,3,698
267,2016-09-24,Hassan,74,0,18,160,1,19,0,40,0,0,0,749,3,702
268,2016-09-25,Hassan,74,0,18,158,1,18,0,39,0,0,0,740,3,706
269,2016-09-26,Hassan,74,0,18,156,1,18,0,38,0,0,0,732,3,709
270,2016-09-27,Hassan,74,0,18,154,1,17,0,37,0,0,0,726,3,713
271,2016-09-28,Hassan,74,0,18,152,1,16,0,36,0,0,0,720,3,716
272,2016-09-29,Hassan,74,0,18,150,1,16,0,35,0,0,0,717,3,719
273,2016-09-30,Hassan,74,0,18,148,1,15,0,35,0,0,0,715,3,722
274,2016-10-01,Hassan,74,0,18,146,1,15,0,34,0,0,0,715,3,725
275,2016-10-02,Hassan,74,0,18,144,1,15,0,33,0,0,0,717,3,727
276,2016-10-03,Hassan,74,0,18,142,1,14,0,33,0,0,0,720,3,730
277,2016-10-04,Hassan,74,0,18,140,1,14,0,32,0,0,0,725,3,732
278,2016-10-05,Hassan,74,0,18,137,1,14,0,32,0,0,0,732,3,733
279,2016-10-06,Hassan,74,0,18,135,1,13,0,32,0,0,0,740,3,734
280,2016-10-07,Hassan,74,0,18,133,1,13,0,32,1,0,0,750,3,736
281,2016-10-08,Hassan,74,0,18,131,2,13,0,32,1,0,0,761,3,736
282,2016-10-09,Hassan,74,0,18,129,2,13,0,32,1,0,0,773,3,737
283,2016-10-10,Hassan,75,0,19,127,2,12,0,32,1,0,0,786,4,737
284,2016-10-11,Hassan,75,0,19,125,2,12,0,32,1,0,0,800,4,737
285,2016-10-12,Hassan,75,0,19,123,2,12,0,32,1,0,0,816,4,737
286,2016-10-13,Hassan,75,0,19,121,2,12,0,33,1,0,0,832,4,737
287,2016-10-14,Hassan,75,0,19,119,3,12,0,33,2,0,0,848,4,736
288,2016-10-15,Hassan,75,0,19,117,3,12,0,33,2,0,0,865,4,735
289,2016-10-16,Hassan,75,0,19,116,3,12,0,34,2,0,0,883,4,733
290,2016-10-17,Hassan,75,0,19,114,3,12,0,34,2,0,0,901,4,732
291,2016-10-18,Hassan,75,0,19,113,3,11,0,35,2,0,0,920,4,730
292,2016-10-19,Hassan,75,0,19,111,3,11,0,36,2,0,0,939,5,728
293,2016-10-20,Hassan,75,0,19,110,4,11,0,37,2,0,0,958,5,726
294,2016-10-21,Hassan,75,0,19,109,4,11,0,37,2,0,0,977,5,723
295,2016-10-22,Hassan,75,0,19,108,4,11,0,38,2,0,0,996,5,720
296,2016-10-23,Hassan,75,0,20,107,4,11,0,39,3,0,0,1015,5,717
297,2016-10-24,Hassan,75,0,20,107,4,11,0,40,3,0,0,1033,5,713
298,2016-10-25,Hassan,75,0,20,106,4,11,0,41,3,0,0,1051,5,710
299,2016-10-26,Hassan,75,0,20,106,5,11,0,42,3,0,0,1069,5,706
300,2016-10-27,Hassan,75,0,20,106,5,11,0,43,3,0,0,1087,5,702
301,2016-10-28,Hassan,75,0,20,106,5,11,0,44,3,0,0,1103,5,697
302,2016-10-29,Hassan,75,0,20,106,5,11,0,45,3,0,0,1119,5,693
303,2016-10-30,Hassan,74,0,20,106,5,11,0,47,3,0,0,1134,5,688
304,2016-10-31,Hassan,74,0,20,107,5,11,0,48,3,0,0,1149,5,682
305,2016-11-01,Hassan,74,0,20,108,5,11,0,49,3,0,0,1162,5,677
306,2016-11-02,Hassan,74,0,20,109,5,11,0,50,3,0,0,1174,5,671
307,2016-11-03,Hassan,73,0,20,110,5,11,0,52,3,0,0,1185,5,665
308,2016-11-04,Hassan,73,0,20,112,5,11,0,53,3,0,0,1195,5,659
309,2016-11-05,Hassan,73,0,20,113,5,11,0,54,3,0,0,1205,5,653
310,2016-11-06,Hassan,73,0,20,115,5,11,0,55,3,0,0,1213,5,647
311,2016-11-07,Hassan,72,0,20,117,5,10,0,57,3,0,0,1220,4,640
312,2016-11-08,Hassan,72,0,20,119,5,10,0,58,3,0,0,1227,4,633
313,2016-11-09,Hassan,71,0,20,121,5,10,0,59,3,0,0,1233,4,627
314,2016-11-10,Hassan,71,0,20,124,4,10,0,61,2,0,0,1238,4,620
315,2016-11-11,Hassan,71,0,20,126,4,10,0,62,2,0,0,1242,4,614
316,2016-11-12,Hassan,70,0,20,128,4,10,0,63,2,0,0,1246,4,607
317,2016-11-13,Hassan,70,0,20,130,4,10,0,64,2,0,0,1249,3,601
318,2016-11-14,Hassan,69,0,20,133,4,9,0,66,2,0,1,1251,3,594
319,2016-11-15,Hassan,69,0,20,135,4,9,0,67,2,0,1,1253,3,588
320,2016-11-16,Hassan,68,0,20,137,4,9,0,68,2,0,1,1255,3,582
321,2016-11-17,Hassan,68,0,20,140,3,9,0,69,2,0,1,1256,3,577
322,2016-11-18,Hassan,67,0,20,142,3,9,0,70,1,0,1,1256,2,571
323,2016-11-19,Hassan,67,0,20,144,3,9,0,71,1,0,1,1257,2,566
324,2016-11-20,Hassan,67,0,20,146,3,8,0,71,1,0,1,1257,2,561
325,2016-11-21,Hassan,66,0,20,147,3,8,0,72,1,0,1,1256,2,556
326,2016-11-22,Hassan,66,0,20,149,2,8,0,73,1,0,1,1256,2,552
327,2016-11-23,Hassan,65,0,21,151,2,8,0,73,1,0,1,1255,1,549
328,2016-11-24,Hassan,65,0,21,152,2,8,0,74,1,0,1,1254,1,545
329,2016-11-25,Hassan,64,0,21,153,2,7,0,74,1,0,1,1254,1,542
330,2016-11-26,Hassan,64,0,21,154,2,7,0,74,0,0,1,1253,1,540
331,2016-11-27,Hassan,63,0,21,154,2,7,0,75,0,0,1,1252,1,538
332,2016-11-28,Hassan,63,0,21,155,1,7,0,75,0,0,1,1251,0,537
333,2016-11-29,Hassan,63,0,22,155,1,6,0,75,0,0,1,1250,0,536
334,2016-11-30,Hassan,62,0,22,155,1,6,0,74,0,0,1,1249,0,536
335,2016-12-01,Hassan,62,0,22,154,1,6,0,74,0,0,1,1249,0,537
336,2016-12-02,Hassan,62,0,22,153,1,6,0,74,0,0,1,1249,0,538
337,2016-12-03,Hassan,61,0,23,152,1,6,0,73,0,0,1,1249,0,540
338,2016-12-04,Hassan,61,0,23,150,1,5,0,72,0,0,1,1249,0,543
339,2016-12-05,Hassan,61,0,23,149,1,5,0,71,0,0,1,1249,0,546
340,2016-12-06,Hassan,61,0,24,147,0,5,0,71,0,0,1,1250,0,550
341,2016-12-07,Hassan,60,0,24,144,0,5,0,70,0,0,1,1250,0,554
342,2016-12-08,Hassan,60,0,24,142,0,4,0,68,0,0,1,1251,0,559
343,2016-12-09,Hassan,60,0,25,139,0,4,0,67,0,0,1,1252,0,564
344,2016-12-10,Hassan,60,0,25,136,0,4,0,66,0,0,1,1253,0,570
345,2016-12-11,Hassan,60,0,25,133,0,4,0,65,0,0,1,1254,0,576
346,2016-12-12,Hassan,59,0,26,130,0,4,0,64,0,0,1,1256,0,582
347,2016-12-13,Hassan,59,0,26,127,0,3,0,62,0,0,1,1257,0,589
348,2016-12-14,Hassan,59,0,27,124,0,3,0,61,0,0,1,1259,0,596
349,2016-12-15,Hassan,59,0,27,120,0,3,0,60,0,0,1,1260,0,603
350,2016-12-16,Hassan,59,0,27,117,0,3,0,59,0,0,1,1262,0,610
351,2016-12-17,Hassan,59,0,28,113,0,3,0,57,0,0,1,1263,0,618
352,2016-12-18,Hassan,59,0,28,110,0,2,0,56,0,0,1,1265,0,625
353,2016-12-19,Hassan,59,0,28,106,0,2,0,55,0,0,0,1267,0,633
354,2016-12-20,Hassan,59,0,29,103,0,2,0,54,0,0,0,1269,0,641
355,2016-12-21,Hassan,59,0,29,100,0,2,0,53,0,0,0,1270,0,649
356,2016-12-22,Hassan,58,0,29,96,0,2,0,52,0,0,0,1272,0,657
357,2016-12-23,Hassan,58,0,29,93,0,1,0,51,1,0,0,1274,0,664
358,2016-12-24,Hassan,58,0,30,90,0,1,0,50,1,0,0,1276,0,672
359,2016-12-25,Hassan,58,0,30,87,0,1,0,50,1,0,0,1277,0,680
360,2016-12-26,Hassan,58,0,30,84,0,1,0,49,1,0,0,1279,0,687
361,2016-12-27,Hassan,58,0,30,82,0,1,0,49,1,0,0,1280,0,695
362,2016-12-28,Hassan,58,0,30,79,0,1,0,48,1,0,0,1282,0,702
363,2016-12-29,Hassan,58,0,30,77,0,0,0,48,1,0,0,1283,0,708
364,2016-12-30,Hassan,58,0,30,75,0,0,0,48,1,0,0,1285,0,715
365,2016-12-31,Hassan,58,0,30,73,0,0,0,49,1,0,0,1286,0,721
366,2017-01-01,Hassan,58,0,30,72,0,0,0,49,1,0,0,1287,0,727
367,2017-01-02,Hassan,58,0,30,71,0,0,0,50,1,0,0,1288,0,732
368,2017-01-03,Hassan,58,0,30,70,0,0,0,50,1,0,0,1289,0,738
369,2017-01-04,Hassan,58,0,30,70,0,0,0,51,1,0,0,1290,0,742
370,2017-01-05,Hassan,58,0,29,69,0,0,0,52,1,0,0,1290,0,747
371,2017-01-06,Hassan,58,0,29,69,0,0,0,54,1,0,0,1291,0,751
372,2017-01-07,Hassan,58,0,29,69,0,0,0,55,1,0,0,1291,0,754
373,2017-01-08,Hassan,58,0,28,70,0,0,0,57,1,0,0,1292,0,758
374,2017-01-09,Hassan,58,0,28,70,0,0,0,58,1,0,0,1292,0,761
375,2017-01-10,Hassan,58,0,28,71,0,0,0,60,1,0,0,1293,0,764
376,2017-01-11,Hassan,58,0,27,72,0,0,0,62,1,0,0,1293,0,766
377,2017-01-12,Hassan,57,0,27,73,0,0,0,63,1,0,0,1293,0,768
378,2017-01-13,Hassan,57,0,26,74,0,0,0,65,1,0,0,1294,0,770
379,2017-01-14,Hassan,57,0,26,76,0,0,0,67,1,0,0,1294,0,772
380,2017-01-15,Hassan,57,0,25,77,0,0,0,69,1,0,0,1295,0,774
381,2017-01-16,Hassan,57,0,25,79,0,0,0,71,1,0,0,1295,0,775
382,2017-01-17,Hassan,57,0,25,80,0,0,0,73,1,0,0,1296,0,776
383,2017-01-18,Hassan,57,0,24,82,0,0,0,75,1,0,0,1297,0,777
384,2017-01-19,Hassan,57,0,24,84,0,0,0,77,1,0,0,1297,0,778
385,2017-01-20,Hassan,57,0,23,85,0,0,0,79,1,0,0,1298,0,779
386,2017-01-21,Hassan,58,0,23,87,0,0,0,80,1,0,0,1299,0,780
387,2017-01-22,Hassan,58,0,22,89,0,0,0,82,1,0,0,1300,0,780
388,2017-01-23,Hassan,58,0,22,91,0,0,0,84,1,0,0,1302,0,780
389,2017-01-24,Hassan,58,0,22,92,0,0,0,85,1,0,0,1303,0,781
390,2017-01-25,Hassan,58,0,21,94,0,0,0,86,1,0,0,1305,0,781
391,2017-01-26,Hassan,58,0,21,95,0,0,0,88,1,0,0,1306,0,781
392,2017-01-27,Hassan,58,0,21,97,0,0,0,89,1,0,0,1308,0,781
393,2017-01-28,Hassan,58,0,21,98,0,0,0,90,1,0,0,1311,0,781
394,2017-01-29,Hassan,58,0,20,99,0,0,0,91,1,0,0,1313,0,781
395,2017-01-30,Hassan,59,0,20,100,0,0,0,91,1,0,0,1316,0,781
396,2017-01-31,Hassan,59,0,20,101,0,0,0,92,1,0,0,1319,0,781
397,2017-02-01,Hassan,59,0,20,102,0,0,0,92,1,0,0,1322,0,781
398,2017-02-02,Hassan,59,0,20,103,0,0,0,92,1,0,0,1325,0,781
399,2017-02-03,Hassan,60,0,20,103,0,0,0,92,1,0,0,1329,0,781
400,2017-02-04,Hassan,60,0,20,103,0,1,0,91,1,0,0,1333,0,781
401,2017-02-05,Hassan,60,0,20,103,0,1,0,91,1,0,0,1337,0,781
402,2017-02-06,Hassan,60,0,20,103,0,1,0,90,1,0,0,1342,0,782
403,2017-02-07,Hassan,61,0,20,103,0,1,0,89,1,0,0,1346,0,782
404,2017-02-08,Hassan,61,0,21,103,0,2,0,88,1,0,0,1351,0,783
405,2017-02-09,Hassan,61,0,21,102,0,2,0,87,1,0,0,1356,0,783
406,2017-02-10,Hassan,62,0,21,102,0,2,0,86,1,0,0,1361,0,784
407,2017-02-11,Hassan,62,0,21,101,0,2,0,84,1,0,0,1366,0,785
408,2017-02-12,Hassan,62,0,22,101,0,3,0,83,1,0,0,1371,1,786
409,2017-02-13,Hassan,63,0,22,100,0,3,0,81,1,0,0,1376,1,787
410,2017-02-14,Hassan,63,0,22,99,1,3,0,80,1,0,0,1382,1,788
411,2017-02-15,Hassan,64,0,23,99,1,3,0,78,1,0,0,1387,1,790
412,2017-02-16,Hassan,64,0,23,98,1,4,0,76,1,0,0,1392,1,791
413,2017-02-17,Hassan,64,0,23,97,1,4,0,74,1,0,0,1397,1,793
414,2017-02-18,Hassan,65,0,24,96,1,4,0,72,1,0,0,1402,1,796
415,2017-02-19,Hassan,65,0,24,95,1,4,0,71,1,0,0,1407,1,798
416,2017-02-20,Hassan,65,0,24,94,1,5,0,69,1,0,0,1412,1,801
417,2017-02-21,Hassan,66,0,25,94,1,5,0,67,1,0,0,1417,1,804
418,2017-02-22,Hassan,66,0,25,93,1,5,0,65,1,0,0,1422,1,807
419,2017-02-23,Hassan,66,0,25,92,1,5,0,63,1,0,0,1427,1,810
420,2017-02-24,Hassan,67,0,25,91,1,5,0,62,1,0,0,1431,1,814
421,2017-02-25,Hassan,67,0,26,91,1,6,0,60,1,0,0,1435,1,818
422,2017-02-26,Hassan,67,0,26,90,1,6,0,58,1,0,0,1439,1,823
423,2017-02-27,Hassan,68,0,26,90,1,6,0,57,1,0,0,1443,1,827
424,2017-02-28,Hassan,68,0,26,89,1,6,0,55,1,0,0,1447,1,833
425,2017-03-01,Hassan,68,0,26,89,1,6,0,54,1,0,0,1450,1,838
426,2017-03-02,Hassan,68,0,26,89,1,6,0,53,1,0,0,1453,1,844
427,2017-03-03,Hassan,68,0,26,89,1,6,0,52,1,0,0,1456,1,850
428,2017-03-04,Hassan,69,0,26,89,1,6,0,51,1,0,0,1458,1,857
429,2017-03-05,Hassan,69,0,26,89,1,6,0,50,1,0,0,1460,1,863
430,2017-03-06,Hassan,69,0,26,89,1,6,0,49,1,0,0,1462,1,870
431,2017-03-07,Hassan,69,0,26,90,1,6,0,48,1,0,0,1464,1,877
432,2017-03-08,Hassan,69,0,25,90,1,6,0,48,1,0,0,1465,1,885
433,2017-03-09,Hassan,69,0,25,91,1,6,0,47,1,0,0,1466,1,892
434,2017-03-10,Hassan,69,0,25,91,1,6,0,47,1,0,0,1467,1,900
435,2017-03-11,Hassan,69,0,25,92,1,6,0,47,1,0,0,1468,1,907
436,2017-03-12,Hassan,69,0,24,92,1,5,0,46,1,0,0,1468,0,915
437,2017-03-13,Hassan,69,0,24,93,1,5,0,46,1,0,0,1468,0,923
438,2017-03-14,Hassan,69,0,24,94,1,5,0,46,0,0,0,1468,0,930
439,2017-03-15,Hassan,69,0,23,94,1,5,0,46,0,0,0,1468,0,938
440,2017-03-16,Hassan,68,0,23,95,1,5,0,46,0,0,0,1468,0,945
441,2017-03-17,Hassan,68,0,23,96,1,4,0,46,0,0,0,1467,0,952
442,2017-03-18,Hassan,68,0,22,97,1,4,0,46,0,0,0,1467,0,959
443,2017-03-19,Hassan,68,0,22,97,1,4,0,47,0,0,0,1466,0,966
444,2017-03-20,Hassan,68,0,22,98,1,4,0,47,0,0,0,1465,0,972
445,2017-03-21,Hassan,67,0,21,99,0,3,0,47,0,0,0,1463,0,978
446,2017-03-22,Hassan,67,0,21,99,0,3,0,48,0,0,0,1462,0,984
447,2017-03-23,Hassan,67,0,21,100,0,3,0,48,0,0,0,1461,0,989
448,2017-03-24,Hassan,66,0,21,101,0,3,0,48,0,0,0,1459,0,994
449,2017-03-25,Hassan,66,0,20,101,0,2,0,49,0,0,0,1457,0,999
450,2017-03-26,Hassan,65,0,20,102,0,2,0,49,0,0,0,1455,0,1003
451,2017-03-27,Hassan,65,0,20,102,0,2,0,50,0,0,0,1453,0,1007
452,2017-03-28,Hassan,64,0,20,102,0,1,0,50,0,0,0,1451,0,1009
453,2017-03-29,Hassan,64,0,19,103,0,1,0,51,0,0,0,1449,0,1012
454,2017-03-30,Hassan,63,0,19,103,0,1,0,51,0,0,0,1447,0,1014
455,2017-03-31,Hassan,63,0,19,103,0,0,0,52,0,0,0,1444,0,1015
456,2017-04-01,Hassan,62,0,19,103,0,0,0,52,0,0,0,1442,0,1015
457,2017-04-02,Hassan,61,0,19,103,0,0,0,52,0,0,0,1440,0,1015
458,2017-04-03,Hassan,61,0,19,103,0,0,0,53,0,0,0,1437,0,1014
459,2017-04-04,Hassan,60,0,19,102,0,0,0,53,0,0,0,1434,0,1012
460,2017-04-05,Hassan,59,0,19,102,0,0,0,54,0,0,0,1432,0,1009
461,2017-04-06,Hassan,58,0,19,101,0,0,0,54,0,0,0,1429,1,1007
462,2017-04-07,Hassan,58,0,19,101,0,0,0,55,0,0,0,1426,1,1003
463,2017-04-08,Hassan,57,0,19,100,0,0,0,55,0,0,0,1424,1,999
464,2017-04-09,Hassan,56,0,19,100,0,0,0,56,0,0,0,1421,1,994
465,2017-04-10,Hassan,55,0,19,99,0,0,0,56,0,0,0,1419,1,990
466,2017-04-11,Hassan,54,0,20,98,0,0,0,56,0,0,0,1416,1,984
467,2017-04-12,Hassan,53,0,20,97,0,0,0,57,0,0,0,1414,2,978
468,2017-04-13,Hassan,52,0,20,97,0,0,0,57,0,0,0,1411,2,972
469,2017-04-14,Hassan,52,0,20,96,0,0,0,57,0,0,0,1409,2,966
470,2017-04-15,Hassan,51,0,20,95,0,0,0,58,0,0,0,1407,2,959
471,2017-04-16,Hassan,50,0,21,94,0,0,0,58,1,0,0,1404,2,953
472,2017-04-17,Hassan,49,0,21,93,0,0,0,58,1,0,0,1402,3,945
473,2017-04-18,Hassan,48,0,21,92,0,0,0,59,1,0,0,1400,3,938
474,2017-04-19,Hassan,47,0,21,92,0,0,0,59,1,0,0,1399,3,931
475,2017-04-20,Hassan,47,0,22,91,0,0,0,59,1,0,0,1397,3,924
476,2017-04-21,Hassan,46,0,22,90,0,0,0,59,1,0,0,1396,4,916
477,2017-04-22,Hassan,45,0,22,90,0,0,0,60,1,0,0,1394,4,909
478,2017-04-23,Hassan,44,0,22,89,0,0,0,60,1,0,0,1393,4,901
479,2017-04-24,Hassan,44,0,23,88,0,0,0,60,1,0,0,1392,4,894
480,2017-04-25,Hassan,43,0,23,88,0,0,0,60,1,0,0,1392,5,887
481,2017-04-26,Hassan,42,0,23,87,0,0,0,60,1,0,0,1391,5,880
482,2017-04-27,Hassan,42,0,23,87,0,0,0,60,1,0,0,1391,5,873
483,2017-04-28,Hassan,41,0,24,87,0,1,0,60,1,0,0,1391,5,866
484,2017-04-29,Hassan,41,0,24,87,0,2,0,60,1,0,0,1392,6,860
485,2017-04-30,Hassan,40,0,24,87,0,3,0,60,1,0,0,1392,6,854
486,2017-05-01,Hassan,40,0,24,87,0,4,0,60,1,0,0,1393,6,848
487,2017-05-02,Hassan,40,0,24,87,0,5,0,60,1,0,0,1394,6,843
488,2017-05-03,Hassan,39,0,24,88,0,7,0,60,1,0,0,1396,6,837
489,2017-05-04,Hassan,39,0,24,88,0,8,0,60,1,0,0,1397,7,833
490,2017-05-05,Hassan,39,0,24,89,0,9,0,59,1,0,0,1399,7,828
491,2017-05-06,Hassan,39,0,24,89,0,11,0,59,1,0,0,1402,7,824
492,2017-05-07,Hassan,39,0,24,90,0,13,0,59,1,0,0,1404,7,820
493,2017-05-08,Hassan,39,0,24,91,0,15,0,59,1,0,0,1407,8,817
494,2017-05-09,Hassan,39,0,24,92,0,16,0,59,1,0,0,1410,8,813
495,2017-05-10,Hassan,39,0,24,94,1,18,0,58,1,0,0,1413,8,810
496,2017-05-11,Hassan,39,0,24,95,1,21,0,58,1,0,0,1416,8,808
497,2017-05-12,Hassan,39,0,24,96,1,23,0,58,1,0,0,1419,8,805
498,2017-05-13,Hassan,39,0,24,98,1,25,0,57,1,0,0,1423,9,802
499,2017-05-14,Hassan,39,0,24,100,1,27,0,57,1,0,0,1427,9,800
500,2017-05-15,Hassan,39,0,24,102,1,30,0,57,1,0,0,1431,9,798
501,2017-05-16,Hassan,39,0,24,104,1,32,0,56,1,0,0,1435,9,796
502,2017-05-17,Hassan,40,0,24,106,1,35,0,56,0,0,0,1439,9,794
503,2017-05-18,Hassan,40,0,24,108,1,38,0,56,0,0,0,1443,10,792
504,2017-05-19,Hassan,40,0,24,110,1,41,0,55,0,0,0,1447,10,791
505,2017-05-20,Hassan,40,0,23,112,1,44,0,55,0,0,0,1451,10,789
506,2017-05-21,Hassan,41,0,23,115,1,47,0,54,0,0,0,1456,10,788
507,2017-05-22,Hassan,41,0,23,117,1,50,0,54,0,0,0,1460,11,786
508,2017-05-23,Hassan,41,0,23,120,1,53,0,53,0,0,0,1464,11,785
509,2017-05-24,Hassan,42,0,23,123,2,56,0,53,0,0,0,1469,11,783
510,2017-05-25,Hassan,42,0,22,126,2,59,0,53,0,0,0,1473,11,782
511,2017-05-26,Hassan,42,0,22,129,2,63,0,52,0,0,0,1477,11,780
512,2017-05-27,Hassan,43,0,22,132,2,66,0,52,0,0,0,1482,12,779
513,2017-05-28,Hassan,43,0,22,135,2,70,0,51,0,0,0,1486,12,777
514,2017-05-29,Hassan,43,0,22,138,2,74,0,51,0,0,0,1490,12,775
515,2017-05-30,Hassan,43,0,21,142,2,77,0,51,0,0,0,1494,12,774
516,2017-05-31,Hassan,44,0,21,145,2,81,0,50,0,0,0,1498,13,772
517,2017-06-01,Hassan,44,0,21,149,2,85,0,50,0,0,0,1502,13,770
518,2017-06-02,Hassan,44,0,21,153,2,89,0,50,0,0,0,1506,13,768
519,2017-06-03,Hassan,45,0,21,157,2,93,0,49,0,0,0,1509,14,766
520,2017-06-04,Hassan,45,0,20,160,2,97,0,49,0,0,0,1513,14,763
521,2017-06-05,Hassan,45,0,20,164,2,101,0,49,0,0,0,1516,14,761
522,2017-06-06,Hassan,45,0,20,168,2,105,0,48,0,0,0,1520,14,759
523,2017-06-07,Hassan,45,0,20,172,2,109,0,48,0,0,0,1523,15,756
524,2017-06-08,Hassan,46,0,19,176,2,114,0,48,0,0,0,1526,15,754
525,2017-06-09,Hassan,46,0,19,180,2,118,0,48,0,0,0,1528,15,751
526,2017-06-10,Hassan,46,0,19,184,2,122,0,47,0,0,0,1531,16,749
527,2017-06-11,Hassan,46,0,19,188,2,126,0,47,0,0,0,1534,16,746
528,2017-06-12,Hassan,46,0,19,192,2,130,0,47,0,0,0,1536,16,743
529,2017-06-13,Hassan,46,0,18,196,2,133,0,47,0,0,0,1538,16,741
530,2017-06-14,Hassan,46,0,18,200,2,137,0,46,0,0,0,1540,17,739
531,2017-06-15,Hassan,47,0,18,204,2,141,0,46,0,0,0,1541,17,736
532,2017-06-16,Hassan,47,0,18,207,2,144,0,46,0,0,0,1543,17,734
533,2017-06-17,Hassan,47,0,18,211,2,148,0,46,1,0,0,1544,17,732
534,2017-06-18,Hassan,47,0,17,214,2,151,0,46,1,0,0,1545,18,730
535,2017-06-19,Hassan,47,0,17,217,2,154,0,45,1,0,0,1546,18,728
536,2017-06-20,Hassan,47,0,17,221,2,156,0,45,1,0,0,1547,18,726
537,2017-06-21,Hassan,47,0,17,223,2,159,0,45,1,0,0,1547,18,724
538,2017-06-22,Hassan,47,0,17,226,2,161,0,45,1,0,0,1547,19,723
539,2017-06-23,Hassan,47,0,17,229,2,163,0,45,1,0,0,1547,19,722
540,2017-06-24,Hassan,47,0,17,231,2,165,0,45,1,0,0,1546,19,721
541,2017-06-25,Hassan,47,0,16,233,2,167,0,45,1,0,0,1546,19,720
542,2017-06-26,Hassan,47,0,16,235,2,168,0,44,1,0,0,1545,19,719
543,2017-06-27,Hassan,47,0,16,237,2,169,0,44,1,0,0,1544,20,719
544,2017-06-28,Hassan,47,0,16,238,2,170,0,44,1,0,0,1542,20,719
545,2017-06-29,Hassan,47,0,16,240,2,170,0,44,1,0,0,1540,20,719
546,2017-06-30,Hassan,47,0,16,240,2,170,0,44,1,0,0,1538,20,720
547,2017-07-01,Hassan,47,0,16,241,2,170,0,44,1,0,0,1536,20,721
548,2017-07-02,Hassan,47,0,16,241,2,169,0,44,1,0,0,1533,20,722
549,2017-07-03,Hassan,47,0,16,241,2,168,0,44,1,0,0,1530,20,724
550,2017-07-04,Hassan,47,0,16,241,2,167,0,44,1,0,0,1527,20,726
551,2017-07-05,Hassan,47,0,16,240,2,165,0,44,1,0,0,1524,20,728
552,2017-07-06,Hassan,47,0,16,239,2,163,0,44,1,0,0,1520,20,730
553,2017-07-07,Hassan,47,0,16,238,2,161,0,44,1,0,0,1516,20,733
554,2017-07-08,Hassan,47,0,16,237,2,158,0,44,1,0,0,1512,20,736
555,2017-07-09,Hassan,46,0,16,235,2,155,0,43,1,0,0,1508,20,739
556,2017-07-10,Hassan,46,0,16,234,2,152,0,43,1,0,0,1504,20,742
557,2017-07-11,Hassan,46,0,16,232,2,149,0,43,1,0,0,1500,20,745
558,2017-07-12,Hassan,46,0,16,229,2,146,0,43,1,0,0,1495,20,749
559,2017-07-13,Hassan,46,0,16,227,2,142,0,43,1,0,0,1491,20,752
560,2017-07-14,Hassan,46,0,16,225,2,138,0,43,1,0,0,1487,20,756
561,2017-07-15,Hassan,46,0,16,222,2,134,0,43,1,0,0,1482,19,759
562,2017-07-16,Hassan,45,0,17,220,1,130,0,43,1,0,0,1478,19,763
563,2017-07-17,Hassan,45,0,17,217,1,126,0,43,1,0,0,1474,19,767
564,2017-07-18,Hassan,45,0,17,214,1,122,0,43,1,0,0,1470,19,770
565,2017-07-19,Hassan,45,0,17,211,1,118,0,43,1,0,0,1466,19,774
566,2017-07-20,Hassan,45,0,17,208,1,113,0,43,1,0,0,1462,18,778
567,2017-07-21,Hassan,45,0,17,205,1,109,0,43,0,0,0,1458,18,781
568,2017-07-22,Hassan,44,0,17,202,1,105,0,43,0,0,0,1454,18,784
569,2017-07-23,Hassan,44,0,17,199,1,100,0,43,0,0,0,1451,18,788
570,2017-07-24,Hassan,44,0,18,195,1,96,0,43,0,0,0,1448,17,791
571,2017-07-25,Hassan,44,0,18,192,1,92,0,44,0,0,0,1445,17,794
572,2017-07-26,Hassan,44,0,18,189,1,87,0,44,0,0,0,1443,17,796
573,2017-07-27,Hassan,43,0,18,186,1,83,0,44,0,0,0,1441,17,799
574,2017-07-28,Hassan,43,0,18,183,1,79,0,44,0,0,0,1439,16,801
575,2017-07-29,Hassan,43,0,18,180,1,75,0,44,0,0,0,1438,16,803
576,2017-07-30,Hassan,43,0,19,177,1,71,0,44,0,0,0,1437,16,805
577,2017-07-31,Hassan,42,0,19,175,1,68,0,44,0,0,0,1436,15,806
578,2017-08-01,Hassan,42,0,19,172,1,64,0,44,0,0,0,1436,15,807
579,2017-08-02,Hassan,42,0,19,169,1,61,0,44,0,0,0,1436,15,808
580,2017-08-03,Hassan,41,0,19,167,1,57,0,44,0,0,0,1437,14,808
581,2017-08-04,Hassan,41,0,20,165,1,54,0,44,0,0,0,1438,14,808
582,2017-08-05,Hassan,41,0,20,163,1,52,0,44,0,0,0,1440,14,808
583,2017-08-06,Hassan,41,0,20,160,1,49,0,45,0,0,0,1442,13,807
584,2017-08-07,Hassan,40,0,20,159,1,46,0,45,0,0,0,1444,13,807
585,2017-08-08,Hassan,40,0,20,157,1,44,0,45,0,0,0,1447,12,806
586,2017-08-09,Hassan,40,0,21,155,1,42,0,45,0,0,0,1449,12,804
587,2017-08-10,Hassan,39,0,21,153,1,40,0,45,0,0,0,1453,12,803
588,2017-08-11,Hassan,39,0,21,152,1,38,0,45,0,0,0,1456,11,802
589,2017-08-12,Hassan,39,0,21,150,1,36,0,45,0,0,0,1459,11,800
590,2017-08-13,Hassan,38,0,21,149,1,34,0,45,0,0,0,1463,11,798
591,2017-08-14,Hassan,38,0,22,148,1,33,0,45,0,0,0,1466,10,797
592,2017-08-15,Hassan,38,0,22,147,1,32,0,46,0,0,0,1470,10,795
593,2017-08-16,Hassan,37,0,22,145,1,30,0,46,0,0,0,1474,9,793
594,2017-08-17,Hassan,37,0,22,144,1,29,0,46,0,0,0,1478,9,791
595,2017-08-18,Hassan,37,0,22,144,1,28,0,46,0,0,0,1481,9,790
596,2017-08-19,Hassan,36,0,22,143,1,27,0,46,0,0,0,1485,8,788
597,2017-08-20,Hassan,36,0,23,142,1,26,0,46,0,0,0,1489,8,786
598,2017-08-21,Hassan,36,0,23,141,1,26,0,46,0,0,0,1492,8,784
599,2017-08-22,Hassan,35,0,23,141,1,25,0,46,0,0,0,1496,7,783
600,2017-08-23,Hassan,35,0,23,140,1,25,0,46,0,0,0,1499,7,782
601,2017-08-24,Hassan,35,0,23,140,1,24,0,47,0,0,0,1502,7,781
602,2017-08-25,Hassan,35,0,23,140,1,24,0,47,0,0,0,1505,7,780
603,2017-08-26,Hassan,34,0,23,139,1,23,0,47,0,0,0,1507,6,779
604,2017-08-27,Hassan,34,0,24,139,1,23,0,47,0,0,0,1509,6,778
605,2017-08-28,Hassan,34,0,24,139,1,23,0,47,0,0,0,1511,6,778
606,2017-08-29,Hassan,34,0,24,139,1,23,0,47,0,0,0,1513,6,778
607,2017-08-30,Hassan,33,0,24,139,1,23,0,47,0,0,0,1514,5,778
608,2017-08-31,Hassan,33,0,24,139,1,23,0,47,0,0,0,1515,5,779
609,2017-09-01,Hassan,33,0,24,139,1,23,0,47,0,0,0,1515,5,780
610,2017-09-02,Hassan,33,0,24,139,1,23,0,47,0,0,0,1515,5,781
611,2017-09-03,Hassan,33,0,24,139,1,23,0,47,0,0,0,1514,5,783
612,2017-09-04,Hassan,32,0,24,140,1,23,0,47,0,0,0,1513,5,785
613,2017-09-05,Hassan,32,0,24,140,1,24,0,47,0,0,0,1512,5,787
614,2017-09-06,Hassan,32,0,24,140,1,24,0,47,0,0,0,1510,4,790
615,2017-09-07,Hassan,32,0,24,141,1,24,0,47,0,0,0,1508,4,793
616,2017-09-08,Hassan,32,0,24,141,1,25,0,47,0,0,0,1505,4,796
617,2017-09-09,Hassan,32,0,24,142,1,25,0,47,0,0,0,1502,4,799
618,2017-09-10,Hassan,32,0,24,142,1,25,0,47,0,0,0,1499,4,802
619,2017-09-11,Hassan,32,0,24,143,1,26,0,47,0,0,0,1496,4,806
620,2017-09-12,Hassan,32,0,24,144,1,26,0,47,0,0,0,1492,4,809
621,2017-09-13,Hassan,32,0,24,144,1,26,0,47,1,0,0,1488,4,813
622,2017-09-14,Hassan,32,0,24,145,1,27,0,47,1,0,0,1484,4,817
623,2017-09-15,Hassan,32,0,24,146,1,27,0,47,1,0,0,1480,4,820
624,2017-09-16,Hassan,32,0,24,147,1,27,0,46,1,0,0,1476,4,824
625,2017-09-17,Hassan,32,0,24,148,1,28,0,46,1,0,0,1472,5,828
626,2017-09-18,Hassan,32,0,24,149,1,28,0,46,1,0,0,1467,5,831
627,2017-09-19,Hassan,32,0,24,150,1,28,0,46,1,0,0,1463,5,834
628,2017-09-20,Hassan,32,0,24,151,1,29,0,46,1,0,0,1459,5,838
629,2017-09-21,Hassan,32,0,24,152,1,29,0,46,1,0,0,1454,5,841
630,2017-09-22,Hassan,32,0,24,154,1,29,0,46,1,0,0,1450,5,843
631,2017-09-23,Hassan,32,0,24,155,2,29,0,46,1,0,0,1445,5,846
632,2017-09-24,Hassan,32,0,24,156,2,29,0,46,1,0,0,1441,5,848
633,2017-09-25,Hassan,33,0,23,158,2,30,0,46,1,0,0,1437,5,850
634,2017-09-26,Hassan,33,0,23,159,2,30,0,46,1,0,0,1433,5,852
635,2017-09-27,Hassan,33,0,23,160,2,30,0,45,1,0,0,1429,5,854
636,2017-09-28,Hassan,33,0,23,162,2,30,0,45,1,0,0,1426,5,855
637,2017-09-29,Hassan,33,0,23,164,2,29,0,45,1,0,0,1422,5,855
638,2017-09-30,Hassan,34,0,23,165,2,29,0,45,1,0,0,1419,5,855
639,2017-10-01,Hassan,34,0,23,167,2,29,0,45,1,0,0,1416,5,855
640,2017-10-02,Hassan,34,0,23,169,2,29,0,45,1,0,0,1413,5,854
641,2017-10-03,Hassan,35,0,23,171,2,28,0,45,1,0,0,1411,5,853
642,2017-10-04,Hassan,35,0,23,172,2,28,0,45,1,0,0,1409,5,851
643,2017-10-05,Hassan,35,0,23,174,2,27,0,45,1,0,0,1407,5,849
644,2017-10-06,Hassan,36,0,23,176,2,27,0,45,1,0,0,1405,5,847
645,2017-10-07,Hassan,36,0,23,178,3,26,0,44,1,0,0,1404,5,844
646,2017-10-08,Hassan,36,0,23,180,3,26,0,44,1,0,0,1402,5,841
647,2017-10-09,Hassan,37,0,22,182,3,25,0,44,1,0,0,1401,5,838
648,2017-10-10,Hassan,37,0,22,184,3,24,0,44,1,0,0,1400,5,834
649,2017-10-11,Hassan,37,0,22,186,3,24,0,44,1,0,0,1399,4,830
650,2017-10-12,Hassan,38,0,22,187,3,23,0,44,1,0,0,1399,4,826
651,2017-10-13,Hassan,38,0,22,189,3,23,0,44,1,0,0,1398,4,822
652,2017-10-14,Hassan,39,0,22,191,3,22,0,44,1,0,0,1397,4,818
653,2017-10-15,Hassan,39,0,22,193,3,21,0,44,1,0,0,1396,4,813
654,2017-10-16,Hassan,39,0,22,194,3,21,0,44,1,0,0,1396,4,809
655,2017-10-17,Hassan,40,0,22,196,3,20,0,44,1,0,0,1395,4,805
656,2017-10-18,Hassan,40,0,22,197,4,20,0,44,1,0,0,1394,4,800
657,2017-10-19,Hassan,40,0,22,199,4,19,0,44,1,0,0,1394,4,796
658,2017-10-20,Hassan,41,0,22,200,4,19,0,44,1,0,0,1393,3,791
659,2017-10-21,Hassan,41,0,22,201,4,19,0,44,1,0,0,1392,3,787
660,2017-10-22,Hassan,41,0,21,202,4,19,0,44,1,0,0,1391,3,783
661,2017-10-23,Hassan,41,0,21,203,4,18,0,44,1,0,0,1390,3,779
662,2017-10-24,Hassan,41,0,21,204,4,18,0,44,1,0,0,1389,3,775
663,2017-10-25,Hassan,42,0,21,204,4,18,0,44,1,0,0,1387,3,772
664,2017-10-26,Hassan,42,0,21,205,4,19,0,44,1,0,0,1386,3,769
665,2017-10-27,Hassan,42,0,21,205,4,19,0,44,1,0,0,1384,3,766
666,2017-10-28,Hassan,42,0,21,205,4,19,0,44,1,0,0,1382,2,763
667,2017-10-29,Hassan,42,0,21,205,4,20,0,45,1,0,0,1380,2,761
668,2017-10-30,Hassan,42,0,20,205,4,20,0,45,1,0,0,1377,2,759
669,2017-10-31,Hassan,42,0,20,205,4,21,0,45,1,0,0,1374,2,757
670,2017-11-01,Hassan,42,0,20,204,4,22,0,45,1,0,0,1371,2,756
671,2017-11-02,Hassan,42,0,20,203,4,23,0,45,1,0,0,1368,2,755
672,2017-11-03,Hassan,42,0,20,202,4,24,0,45,1,0,0,1364,2,755
673,2017-11-04,Hassan,42,0,19,201,4,26,0,46,1,0,0,1360,2,755
674,2017-11-05,Hassan,41,0,19,199,4,27,0,46,1,0,0,1356,2,756
675,2017-11-06,Hassan,41,0,19,198,4,29,0,46,2,0,0,1351,2,757
676,2017-11-07,Hassan,41,0,19,196,4,30,0,46,2,0,0,1347,1,758
677,2017-11-08,Hassan,41,0,19,194,4,32,0,47,2,0,0,1342,1,759
678,2017-11-09,Hassan,40,0,18,192,4,34,0,47,2,0,0,1337,1,761
679,2017-11-10,Hassan,40,0,18,190,3,36,0,47,2,0,0,1332,1,763
680,2017-11-11,Hassan,40,0,18,188,3,38,0,48,2,0,0,1327,1,764
681,2017-11-12,Hassan,39,0,18,185,3,39,0,48,2,0,0,1322,1,766
682,2017-11-13,Hassan,39,0,18,183,3,41,0,48,2,0,0,1318,1,768
683,2017-11-14,Hassan,38,0,17,180,3,43,0,49,3,0,0,1313,1,770
684,2017-11-15,Hassan,38,0,17,177,3,45,0,49,3,0,0,1308,1,773
685,2017-11-16,Hassan,38,0,17,174,3,47,0,49,3,0,0,1303,1,775
686,2017-11-17,Hassan,37,0,17,171,3,49,0,50,3,0,0,1299,1,776
687,2017-11-18,Hassan,37,0,17,168,3,51,0,50,3,0,0,1295,1,778
688,2017-11-19,Hassan,37,0,16,165,2,53,0,50,3,0,0,1291,1,780
689,2017-11-20,Hassan,36,0,16,162,2,55,0,51,3,0,0,1287,1,781
690,2017-11-21,Hassan,36,0,16,159,2,56,0,51,3,0,0,1284,1,782
691,2017-11-22,Hassan,36,0,16,156,2,58,0,51,4,0,0,1281,1,783
692,2017-11-23,Hassan,35,0,16,153,2,59,0,52,4,0,0,1278,1,784
693,2017-11-24,Hassan,35,0,16,150,2,61,0,52,4,0,0,1276,1,784
694,2017-11-25,Hassan,35,0,16,146,2,62,0,53,4,0,0,1274,1,784
695,2017-11-26,Hassan,35,0,16,143,2,63,0,53,4,0,0,1272,1,784
696,2017-11-27,Hassan,34,0,16,140,1,64,0,53,4,0,0,1271,1,782
697,2017-11-28,Hassan,34,0,16,137,1,65,0,54,4,0,0,1271,1,781
698,2017-11-29,Hassan,34,0,16,134,1,65,0,54,4,0,0,1271,1,779
699,2017-11-30,Hassan,34,0,16,131,1,66,0,55,4,0,0,1272,1,776
700,2017-12-01,Hassan,34,0,16,128,1,66,0,55,4,0,0,1273,1,773
701,2017-12-02,Hassan,34,0,16,125,1,66,0,55,4,0,0,1275,1,769
702,2017-12-03,Hassan,34,0,16,122,1,66,0,56,4,0,0,1278,1,765
703,2017-12-04,Hassan,34,0,16,120,1,65,0,56,4,0,0,1281,1,760
704,2017-12-05,Hassan,34,0,17,117,1,65,0,57,4,0,0,1284,1,754
705,2017-12-06,Hassan,34,0,17,114,1,64,0,57,4,0,0,1289,1,748
706,2017-12-07,Hassan,35,0,17,112,1,63,0,57,4,0,0,1293,1,742
707,2017-12-08,Hassan,35,0,17,109,0,62,0,58,4,0,0,1299,1,735
708,2017-12-09,Hassan,35,0,17,107,0,61,0,58,3,0,0,1304,1,728
709,2017-12-10,Hassan,36,0,18,105,0,60,0,58,3,0,0,1310,1,721
710,2017-12-11,Hassan,36,0,18,102,0,58,0,59,3,0,0,1316,1,714
711,2017-12-12,Hassan,36,0,18,100,0,57,0,59,3,0,0,1323,2,707
712,2017-12-13,Hassan,37,0,19,98,0,55,0,59,3,0,0,1330,2,699
713,2017-12-14,Hassan,37,0,19,96,0,54,0,59,3,0,0,1337,2,692
714,2017-12-15,Hassan,37,0,19,94,0,52,0,60,3,0,0,1344,2,685
715,2017-12-16,Hassan,38,0,20,93,0,50,0,60,2,0,0,1352,2,678
716,2017-12-17,Hassan,38,0,20,91,0,48,0,60,2,0,0,1359,2,671
717,2017-12-18,Hassan,39,0,20,89,0,46,0,60,2,0,0,1367,2,664
718,2017-12-19,Hassan,39,0,21,88,0,44,0,60,2,0,0,1375,2,657
719,2017-12-20,Hassan,40,0,21,87,0,42,0,60,2,0,0,1383,2,651
720,2017-12-21,Hassan,40,0,21,85,0,40,0,60,1,0,0,1390,2,646
721,2017-12-22,Hassan,41,0,22,84,0,38,0,60,1,0,0,1398,2,640
722,2017-12-23,Hassan,41,0,22,83,0,36,0,60,1,0,0,1406,2,636
723,2017-12-24,Hassan,42,0,22,82,0,34,0,60,1,0,0,1413,2,631
724,2017-12-25,Hassan,42,0,22,81,0,32,0,60,1,0,0,1421,2,628
725,2017-12-26,Hassan,42,0,23,81,0,30,0,60,1,0,0,1428,2,625
726,2017-12-27,Hassan,43,0,23,80,0,28,0,60,1,0,0,1435,2,623
727,2017-12-28,Hassan,43,0,23,80,0,26,0,60,0,0,0,1442,2,622
728,2017-12-29,Hassan,44,0,23,79,0,24,0,60,0,0,0,1448,2,621
729,2017-12-30,Hassan,44,0,24,79,0,22,0,60,0,0,0,1455,2,621
730,2017-12-31,Hassan,45,0,24,79,0,21,0,59,0,0,0,1461,2,623
731,2018-01-01,Hassan,45,0,24,79,0,19,0,59,0,0,0,1466,2,625
732,2018-01-02,Hassan,45,0,24,79,0,18,0,59,0,0,0,1471,2,628
733,2018-01-03,Hassan,46,0,24,79,0,16,0,58,0,0,0,1476,2,633
734,2018-01-04,Hassan,46,0,24,80,0,15,0,58,0,0,0,1480,2,638
735,2018-01-05,Hassan,46,0,24,80,0,14,0,57,0,0,0,1484,2,644
736,2018-01-06,Hassan,47,0,25,81,0,13,0,57,0,0,0,1487,2,651
737,2018-01-07,Hassan,47,0,25,82,0,12,0,56,0,0,0,1490,2,659
738,2018-01-08,Hassan,47,0,25,82,0,11,0,56,0,0,0,1493,2,667
739,2018-01-09,Hassan,47,0,25,83,0,10,0,55,0,0,0,1495,2,675
740,2018-01-10,Hassan,47,0,25,84,0,9,0,55,0,0,0,1497,1,685
741,2018-01-11,Hassan,48,0,25,86,0,8,0,54,0,0,0,1498,1,694
742,2018-01-12,Hassan,48,0,25,87,0,8,0,53,0,0,0,1499,1,704
743,2018-01-13,Hassan,48,0,25,88,0,7,0,53,0,0,0,1500,1,714
744,2018-01-14,Hassan,48,0,25,89,0,7,0,52,0,0,0,1500,1,725
745,2018-01-15,Hassan,48,0,24,91,0,6,0,52,0,0,0,1500,1,735
746,2018-01-16,Hassan,48,0,24,92,0,6,0,51,0,0,0,1500,1,746
747,2018-01-17,Hassan,48,0,24,94,0,6,0,51,0,0,0,1499,1,756
748,2018-01-18,Hassan,48,0,24,96,0,5,0,50,0,0,0,1497,1,767
749,2018-01-19,Hassan,48,0,24,97,0,5,0,50,0,0,0,1496,1,777
750,2018-01-20,Hassan,48,0,24,99,0,5,0,49,0,0,0,1494,1,787
751,2018-01-21,Hassan,48,0,24,101,0,5,0,49,0,0,0,1491,1,796
752,2018-01-22,Hassan,48,0,24,103,0,5,0,49,0,0,0,1489,1,805
753,2018-01-23,Hassan,48,0,24,105,0,5,0,48,0,0,0,1486,0,814
754,2018-01-24,Hassan,48,0,24,107,0,5,0,48,0,0,0,1482,0,822
755,2018-01-25,Hassan,47,0,24,109,0,5,0,48,0,0,0,1478,0,830
756,2018-01-26,Hassan,47,0,23,111,0,5,0,48,1,0,0,1474,0,836
757,2018-01-27,Hassan,47,0,23,113,0,5,0,47,1,0,0,1470,0,842
758,2018-01-28,Hassan,47,0,23,115,0,5,0,47,1,0,0,1465,0,847
759,2018-01-29,Hassan,47,0,23,117,0,5,0,47,1,0,0,1460,0,852
760,2018-01-30,Hassan,47,0,23,120,0,6,0,48,1,0,0,1454,0,855
761,2018-01-31,Hassan,46,0,23,122,0,6,0,48,1,0,0,1448,0,857
762,2018-02-01,Hassan,46,0,23,124,0,6,0,48,1,0,0,1442,0,858
763,2018-02-02,Hassan,46,0,23,126,0,6,0,48,1,0,0,1435,0,858
764,2018-02-03,Hassan,45,0,23,128,0,6,0,49,1,0,0,1429,0,856
765,2018-02-04,Hassan,45,0,23,131,0,7,0,49,1,0,0,1422,0,854
766,2018-02-05,Hassan,45,0,23,133,0,7,0,50,1,0,0,1414,0,851
767,2018-02-06,Hassan,44,0,23,135,0,7,0,50,1,0,0,1407,0,846
768,2018-02-07,Hassan,44,0,23,137,0,7,0,51,1,0,0,1399,0,841
769,2018-02-08,Hassan,44,0,23,140,0,8,0,52,1,0,0,1391,0,835
770,2018-02-09,Hassan,43,0,23,142,0,8,0,53,1,0,0,1383,0,828
771,2018-02-10,Hassan,43,0,23,144,0,8,0,54,1,0,0,1375,0,821
772,2018-02-11,Hassan,43,0,23,146,0,9,0,54,2,0,0,1367,0,812
773,2018-02-12,Hassan,43,0,23,148,0,9,0,55,2,0,0,1359,0,804
774,2018-02-13,Hassan,42,0,23,150,0,9,0,56,2,0,0,1350,0,795
775,2018-02-14,Hassan,42,0,23,152,1,9,0,57,2,0,1,1342,0,785
776,2018-02-15,Hassan,42,0,23,153,1,10,0,58,2,0,1,1334,0,776
777,2018-02-16,Hassan,42,0,23,155,1,10,0,59,2,0,1,1326,0,766
778,2018-02-17,Hassan,41,0,23,157,1,10,0,60,2,0,1,1319,0,756
779,2018-02-18,Hassan,41,0,23,158,1,10,0,61,2,0,1,1311,1,745
780,2018-02-19,Hassan,41,0,23,159,1,11,0,62,2,0,1,1304,1,735
781,2018-02-20,Hassan,41,0,23,161,1,11,0,63,2,0,1,1296,1,725
782,2018-02-21,Hassan,41,0,23,162,1,11,0,64,2,0,1,1289,1,714
783,2018-02-22,Hassan,41,0,23,163,1,11,0,64,2,0,1,1283,1,704
784,2018-02-23,Hassan,41,0,22,164,1,11,0,65,2,0,1,1276,1,695
785,2018-02-24,Hassan,41,0,22,165,1,11,0,66,2,0,1,1270,1,685
786,2018-02-25,Hassan,42,0,22,165,1,12,0,67,2,0,1,1265,1,676
787,2018-02-26,Hassan,42,0,22,166,1,12,0,67,2,0,1,1260,1,668
788,2018-02-27,Hassan,42,0,22,166,1,12,0,68,2,0,1,1255,1,659
789,2018-02-28,Hassan,43,0,22,166,1,12,0,69,2,0,1,1251,1,652
790,2018-03-01,Hassan,43,0,22,166,1,12,0,69,2,0,1,1247,1,645
791,2018-03-02,Hassan,44,0,22,166,1,12,0,69,2,0,1,1244,1,639
792,2018-03-03,Hassan,44,0,22,165,1,12,0,70,2,0,1,1241,1,633
793,2018-03-04,Hassan,45,0,22,165,1,12,0,70,2,0,1,1239,1,629
794,2018-03-05,Hassan,46,0,21,164,1,12,0,70,2,0,1,1237,1,624
795,2018-03-06,Hassan,46,0,21,163,1,12,0,70,2,0,1,1236,1,621
796,2018-03-07,Hassan,47,0,21,162,1,12,0,70,2,0,1,1236,1,618
797,2018-03-08,Hassan,48,0,21,161,1,12,0,70,2,0,1,1235,1,616
798,2018-03-09,Hassan,49,0,21,160,1,12,0,70,2,0,1,1236,1,614
799,2018-03-10,Hassan,50,0,21,158,1,12,0,70,2,0,1,1236,1,612
800,2018-03-11,Hassan,51,0,20,157,1,12,0,70,2,0,1,1238,1,611
801,2018-03-12,Hassan,53,0,20,155,1,12,0,70,2,0,1,1239,1,611
802,2018-03-13,Hassan,54,0,20,154,1,11,0,70,2,0,1,1241,1,611
803,2018-03-14,Hassan,55,0,20,152,1,11,0,69,2,0,1,1244,1,611
804,2018-03-15,Hassan,56,0,20,150,1,11,0,69,2,0,1,1247,1,612
805,2018-03-16,Hassan,58,0,20,148,1,11,0,69,2,0,1,1250,1,613
806,2018-03-17,Hassan,59,0,20,146,1,11,0,69,2,0,1,1254,1,615
807,2018-03-18,Hassan,61,0,19,144,1,11,0,68,2,0,1,1258,1,616
808,2018-03-19,Hassan,62,0,19,142,0,10,0,68,2,0,1,1262,1,618
809,2018-03-20,Hassan,64,0,19,140,0,10,0,67,2,0,0,1267,1,620
810,2018-03-21,Hassan,65,0,19,138,0,10,0,67,2,0,0,1272,1,623
811,2018-03-22,Hassan,67,0,19,136,0,10,0,67,2,0,0,1278,0,625
812,2018-03-23,Hassan,68,0,19,134,0,10,0,66,2,0,0,1283,0,628
813,2018-03-24,Hassan,70,0,19,131,0,10,0,66,2,0,0,1290,0,631
814,2018-03-25,Hassan,72,0,19,129,0,9,0,65,2,0,0,1296,0,634
815,2018-03-26,Hassan,73,0,19,127,0,9,0,65,2,0,0,1303,0,637
816,2018-03-27,Hassan,75,0,19,125,0,9,0,65,2,0,0,1310,0,640
817,2018-03-28,Hassan,77,0,19,123,0,9,0,64,2,0,0,1317,0,643
818,2018-03-29,Hassan,79,0,19,121,0,9,0,64,2,0,0,1325,0,646
819,2018-03-30,Hassan,80,0,19,119,0,8,0,64,2,0,0,1333,0,648
820,2018-03-31,Hassan,82,0,19,117,0,8,0,63,2,0,0,1341,0,651
821,2018-04-01,Hassan,84,0,19,115,0,8,0,63,2,0,0,1349,0,654
822,2018-04-02,Hassan,86,0,19,113,0,8,0,63,2,0,0,1358,0,657
823,2018-04-03,Hassan,88,0,19,111,0,8,0,63,2,0,0,1366,0,659
824,2018-04-04,Hassan,89,0,19,110,0,8,0,62,2,0,0,1375,0,661
825,2018-04-05,Hassan,91,0,20,108,0,7,0,62,2,0,0,1384,0,664
826,2018-04-06,Hassan,93,0,20,107,0,7,0,62,2,0,0,1394,0,666
827,2018-04-07,Hassan,95,0,20,105,0,7,0,62,2,0,0,1403,0,667
828,2018-04-08,Hassan,97,0,20,104,0,7,0,62,2,0,0,1412,0,669
829,2018-04-09,Hassan,99,0,21,102,0,7,0,62,2,0,0,1422,0,671
830,2018-04-10,Hassan,100,0,21,101,0,7,0,62,2,0,0,1431,0,672
831,2018-04-11,Hassan,102,0,21,100,0,7,0,62,2,0,0,1440,0,673
832,2018-04-12,Hassan,104,0,22,99,0,7,0,62,1,0,0,1450,0,674
833,2018-04-13,Hassan,105,0,22,97,0,7,0,62,1,0,0,1459,0,675
834,2018-04-14,Hassan,107,0,22,96,0,7,0,62,1,0,0,1468,0,676
835,2018-04-15,Hassan,109,0,22,95,0,8,0,62,1,0,0,1477,0,676
836,2018-04-16,Hassan,110,0,23,94,0,8,0,62,1,0,0,1486,0,677
837,2018-04-17,Hassan,112,0,23,93,0,8,0,62,1,0,0,1494,0,677
838,2018-04-18,Hassan,113,0,23,92,0,8,0,62,1,0,0,1503,0,677
839,2018-04-19,Hassan,115,0,24,91,0,9,0,62,1,0,0,1511,0,676
840,2018-04-20,Hassan,116,0,24,90,0,9,0,62,1,0,0,1519,0,676
841,2018-04-21,Hassan,117,0,24,89,0,10,0,62,1,0,0,1527,0,675
842,2018-04-22,Hassan,118,0,25,89,0,10,0,62,1,0,0,1534,0,674
843,2018-04-23,Hassan,119,0,25,88,0,11,0,62,1,0,0,1541,0,673
844,2018-04-24,Hassan,120,0,25,87,0,11,0,62,1,0,0,1547,0,672
845,2018-04-25,Hassan,121,0,25,86,0,12,0,62,1,0,0,1553,0,670
846,2018-04-26,Hassan,122,0,25,86,0,13,0,62,1,0,0,1559,0,669
847,2018-04-27,Hassan,123,0,26,85,0,14,0,62,1,0,0,1564,0,666
848,2018-04-28,Hassan,124,0,26,84,0,15,0,62,1,0,0,1569,0,664
849,2018-04-29,Hassan,124,0,26,83,0,16,0,62,1,0,0,1573,0,662
850,2018-04-30,Hassan,125,0,26,83,0,17,0,62,1,0,0,1577,0,659
851,2018-05-01,Hassan,125,0,26,82,0,18,0,62,1,0,0,1580,0,656
852,2018-05-02,Hassan,125,0,26,81,0,19,0,62,1,0,0,1582,0,653
853,2018-05-03,Hassan,125,0,26,81,0,21,0,62,1,0,0,1584,0,649
854,2018-05-04,Hassan,125,0,26,80,0,22,0,62,1,0,0,1586,0,646
855,2018-05-05,Hassan,125,0,26,79,0,24,0,62,1,0,0,1586,0,642
856,2018-05-06,Hassan,125,0,26,79,0,25,0,62,1,0,0,1587,0,638
857,2018-05-07,Hassan,125,0,26,78,0,27,0,62,1,0,0,1586,0,634
858,2018-05-08,Hassan,125,0,26,77,0,28,0,61,1,0,0,1585,0,629
859,2018-05-09,Hassan,124,0,25,77,0,30,0,61,1,0,0,1584,0,625
860,2018-05-10,Hassan,124,0,25,76,0,32,0,61,1,0,0,1582,1,621
861,2018-05-11,Hassan,123,0,25,76,0,33,0,61,2,0,0,1580,1,616
862,2018-05-12,Hassan,122,0,25,75,0,35,0,61,2,0,0,1577,1,612
863,2018-05-13,Hassan,122,0,25,75,0,37,0,61,2,0,0,1574,1,607
864,2018-05-14,Hassan,121,0,24,74,0,38,0,61,2,0,0,1570,1,603
865,2018-05-15,Hassan,120,0,24,74,0,40,0,61,2,0,0,1566,1,599
866,2018-05-16,Hassan,120,0,24,73,0,42,0,60,2,0,0,1562,1,595
867,2018-05-17,Hassan,119,0,24,73,0,43,0,60,2,0,0,1557,1,590
868,2018-05-18,Hassan,118,0,23,72,0,45,0,60,2,0,0,1552,1,586
869,2018-05-19,Hassan,117,0,23,72,0,46,0,60,2,0,0,1546,1,583
870,2018-05-20,Hassan,116,0,23,71,0,48,0,60,2,0,0,1540,2,579
871,2018-05-21,Hassan,115,0,23,71,0,49,0,60,2,0,0,1534,2,576
872,2018-05-22,Hassan,114,0,22,71,0,50,0,60,2,0,0,1528,2,572
873,2018-05-23,Hassan,113,0,22,70,0,52,0,59,3,0,0,1521,2,569
874,2018-05-24,Hassan,112,0,22,70,0,53,0,59,3,0,0,1514,2,567
875,2018-05-25,Hassan,112,0,22,70,0,54,0,59,3,0,0,1507,2,564
876,2018-05-26,Hassan,111,0,21,70,0,55,0,59,3,0,0,1499,2,562
877,2018-05-27,Hassan,110,0,21,69,0,55,0,59,3,0,0,1491,2,560
878,2018-05-28,Hassan,109,0,21,69,0,56,0,59,3,0,0,1484,2,559
879,2018-05-29,Hassan,108,0,21,69,0,56,0,59,3,0,0,1475,3,558
880,2018-05-30,Hassan,107,0,20,69,0,57,0,59,3,0,0,1467,3,558
881,2018-05-31,Hassan,107,0,20,69,0,57,0,59,3,0,0,1459,3,558
882,2018-06-01,Hassan,106,0,20,69,0,57,0,59,3,0,0,1450,3,558
883,2018-06-02,Hassan,105,0,20,69,0,57,0,59,3,0,0,1441,3,559
884,2018-06-03,Hassan,105,0,20,69,0,57,0,59,3,0,0,1432,3,560
885,2018-06-04,Hassan,104,0,20,69,0,56,0,59,3,0,0,1423,3,562
886,2018-06-05,Hassan,104,0,19,69,0,56,0,59,3,0,0,1414,4,564
887,2018-06-06,Hassan,103,0,19,69,0,55,0,59,3,0,0,1405,4,567
888,2018-06-07,Hassan,103,0,19,70,0,54,0,59,3,0,0,1396,4,570
889,2018-06-08,Hassan,103,0,19,70,0,53,0,60,3,0,0,1387,4,573
890,2018-06-09,Hassan,102,0,19,70,0,52,0,60,3,0,0,1378,4,576
891,2018-06-10,Hassan,102,0,19,70,0,51,0,60,3,0,0,1369,4,580
892,2018-06-11,Hassan,102,0,19,70,0,50,0,60,3,0,0,1360,4,584
893,2018-06-12,Hassan,101,0,19,71,0,49,0,60,3,0,0,1351,5,588
894,2018-06-13,Hassan,101,0,19,71,1,48,0,60,3,0,0,1342,5,592
895,2018-06-14,Hassan,101,0,19,71,1,46,0,61,3,0,0,1333,5,597
896,2018-06-15,Hassan,100,0,19,72,1,45,0,61,3,0,0,1325,5,601
897,2018-06-16,Hassan,100,0,19,72,1,44,0,61,3,0,0,1316,5,606
898,2018-06-17,Hassan,100,0,19,72,1,43,0,61,3,0,0,1308,5,611
899,2018-06-18,Hassan,100,0,19,72,1,41,0,61,3,0,0,1300,5,615
900,2018-06-19,Hassan,99,0,20,73,1,40,0,62,3,0,0,1292,5,620
901,2018-06-20,Hassan,99,0,20,73,1,39,0,62,2,0,0,1284,6,624
902,2018-06-21,Hassan,99,0,20,73,1,38,0,62,2,0,0,1276,6,629
903,2018-06-22,Hassan,98,0,20,73,1,37,0,62,2,0,0,1269,6,633
904,2018-06-23,Hassan,98,0,20,73,1,36,0,62,2,0,0,1262,6,637
905,2018-06-24,Hassan,97,0,20,74,1,35,0,63,2,0,0,1256,6,641
906,2018-06-25,Hassan,97,0,20,74,1,34,0,63,2,0,0,1249,6,645
907,2018-06-26,Hassan,96,0,20,74,1,33,0,63,2,0,0,1243,6,649
908,2018-06-27,Hassan,96,0,20,74,1,33,0,63,2,0,0,1238,6,652
909,2018-06-28,Hassan,95,0,21,74,1,32,0,63,2,0,0,1232,6,655
910,2018-06-29,Hassan,94,0,21,74,1,32,0,64,2,0,0,1227,6,658
911,2018-06-30,Hassan,94,0,21,74,1,32,0,64,2,0,0,1223,6,660
912,2018-07-01,Hassan,93,0,21,74,1,32,0,64,2,0,0,1219,6,662
913,2018-07-02,Hassan,92,0,21,74,1,32,0,64,2,0,0,1215,6,664
914,2018-07-03,Hassan,91,0,21,74,1,33,0,64,2,0,0,1212,6,665
915,2018-07-04,Hassan,90,0,21,74,1,33,0,65,2,0,0,1210,6,665
916,2018-07-05,Hassan,89,0,22,73,1,34,0,65,2,0,0,1207,6,666
917,2018-07-06,Hassan,88,0,22,73,1,35,0,65,2,0,0,1205,6,666
918,2018-07-07,Hassan,87,0,22,73,1,36,0,65,2,0,0,1204,6,665
919,2018-07-08,Hassan,86,0,22,73,1,37,0,65,2,0,0,1202,6,665
920,2018-07-09,Hassan,86,0,22,73,1,38,0,65,2,0,0,1202,6,664
921,2018-07-10,Hassan,85,0,22,72,1,39,0,65,2,0,0,1201,5,662
922,2018-07-11,Hassan,84,0,22,72,1,40,0,65,2,0,0,1200,5,661
923,2018-07-12,Hassan,83,0,23,72,1,42,0,65,2,0,0,1200,5,659
924,2018-07-13,Hassan,82,0,23,72,1,43,0,65,2,0,0,1200,5,657
925,2018-07-14,Hassan,82,0,23,72,0,45,0,65,2,0,0,1201,5,655
926,2018-07-15,Hassan,81,0,23,72,0,46,0,65,2,0,0,1201,5,652
927,2018-07-16,Hassan,81,0,23,72,0,48,0,65,2,0,0,1202,5,650
928,2018-07-17,Hassan,80,0,23,72,0,49,0,65,2,0,0,1202,5,647
929,2018-07-18,Hassan,80,0,23,72,0,51,0,65,2,0,0,1203,5,644
930,2018-07-19,Hassan,80,0,23,72,0,52,0,65,2,0,0,1204,4,641
931,2018-07-20,Hassan,80,0,24,73,0,54,0,65,2,0,0,1205,4,637
932,2018-07-21,Hassan,81,0,24,73,0,55,0,65,2,0,0,1206,4,634
933,2018-07-22,Hassan,81,0,24,74,0,56,0,65,2,0,0,1207,4,630
934,2018-07-23,Hassan,82,0,24,74,0,58,0,64,2,0,0,1208,4,627
935,2018-07-24,Hassan,83,0,24,75,0,59,0,64,2,0,0,1209,4,623
936,2018-07-25,Hassan,84,0,24,76,0,60,0,64,2,0,0,1210,4,619
937,2018-07-26,Hassan,86,0,24,77,0,61,0,64,2,0,0,1211,4,615
938,2018-07-27,Hassan,87,0,24,78,0,62,0,63,2,0,0,1212,3,612
939,2018-07-28,Hassan,89,0,24,79,1,63,0,63,2,0,0,1213,3,608
940,2018-07-29,Hassan,92,0,24,80,1,64,0,62,2,0,0,1214,3,604
941,2018-07-30,Hassan,94,0,24,82,1,64,0,62,2,0,0,1214,3,600
942,2018-07-31,Hassan,97,0,24,83,1,65,0,62,2,0,0,1215,3,597
943,2018-08-01,Hassan,100,0,24,85,1,65,0,61,2,0,0,1215,3,593
944,2018-08-02,Hassan,103,0,24,87,1,65,0,60,2,0,0,1215,3,589
945,2018-08-03,Hassan,107,0,24,89,1,65,0,60,2,0,0,1215,3,586
946,2018-08-04,Hassan,111,0,24,91,2,65,0,59,2,0,0,1214,3,583
947,2018-08-05,Hassan,116,0,24,94,2,64,0,59,2,0,0,1214,3,579
948,2018-08-06,Hassan,120,0,24,96,2,64,0,58,2,0,0,1213,3,576
949,2018-08-07,Hassan,125,0,24,99,2,63,0,57,2,0,0,1213,3,573
950,2018-08-08,Hassan,129,0,24,101,2,62,0,57,2,0,0,1212,3,570
951,2018-08-09,Hassan,134,0,23,104,3,61,0,56,2,0,0,1211,3,567
952,2018-08-10,Hassan,139,0,23,107,3,60,0,55,2,0,0,1210,3,564
953,2018-08-11,Hassan,145,0,23,110,3,59,0,54,2,0,0,1209,3,562
954,2018-08-12,Hassan,150,0,23,113,3,58,0,54,2,0,0,1208,3,559
955,2018-08-13,Hassan,155,0,23,116,4,56,0,53,2,0,0,1207,3,557
956,2018-08-14,Hassan,160,0,23,119,4,55,0,52,2,0,0,1206,3,555
957,2018-08-15,Hassan,165,0,23,122,4,53,0,51,2,0,0,1205,3,553
958,2018-08-16,Hassan,170,0,22,125,4,52,0,51,2,0,0,1204,3,551
959,2018-08-17,Hassan,175,0,22,128,5,50,0,50,2,0,0,1203,3,550
960,2018-08-18,Hassan,180,0,22,131,5,48,0,49,2,0,0,1202,3,548
961,2018-08-19,Hassan,184,0,22,134,5,47,0,48,2,0,0,1202,3,547
962,2018-08-20,Hassan,189,0,22,137,5,45,0,48,2,0,0,1201,3,546
963,2018-08-21,Hassan,193,0,22,140,6,43,0,47,1,0,0,1201,3,545
964,2018-08-22,Hassan,197,0,21,142,6,41,0,46,1,0,0,1201,3,545
965,2018-08-23,Hassan,201,0,21,145,6,39,0,46,1,0,0,1201,3,544
966,2018-08-24,Hassan,204,0,21,148,6,37,0,45,1,0,0,1201,3,544
967,2018-08-25,Hassan,207,0,21,150,6,35,0,45,1,0,0,1202,2,545
968,2018-08-26,Hassan,210,0,20,152,6,34,0,44,1,0,0,1202,2,545
969,2018-08-27,Hassan,212,0,20,155,7,32,0,44,1,0,0,1203,2,546
970,2018-08-28,Hassan,214,0,20,157,7,30,0,43,1,0,0,1205,2,547
971,2018-08-29,Hassan,215,0,20,158,7,28,0,43,1,0,0,1206,2,548
972,2018-08-30,Hassan,216,0,19,160,7,26,0,43,1,0,0,1208,2,549
973,2018-08-31,Hassan,216,0,19,162,7,25,0,42,1,0,0,1210,2,551
974,2018-09-01,Hassan,216,0,19,163,7,23,0,42,1,0,0,1213,2,553
975,2018-09-02,Hassan,215,0,19,164,7,21,0,42,1,0,0,1216,2,555
976,2018-09-03,Hassan,214,0,18,165,7,20,0,42,1,0,0,1219,2,558
977,2018-09-04,Hassan,212,0,18,166,7,18,0,42,1,0,0,1223,2,561
978,2018-09-05,Hassan,210,0,18,166,7,17,0,42,1,0,0,1227,2,564
979,2018-09-06,Hassan,207,0,18,167,7,16,0,42,1,0,0,1232,1,567
980,2018-09-07,Hassan,204,0,17,167,7,14,0,42,1,0,0,1236,1,571
981,2018-09-08,Hassan,200,0,17,167,7,13,0,42,1,0,0,1241,1,575
982,2018-09-09,Hassan,197,0,17,167,6,12,0,42,1,0,0,1246,1,579
983,2018-09-10,Hassan,192,0,17,166,6,11,0,42,1,0,0,1252,1,583
984,2018-09-11,Hassan,188,0,16,166,6,10,0,42,1,0,0,1257,1,587
985,2018-09-12,Hassan,183,0,16,165,6,9,0,43,0,0,0,1263,0,591
986,2018-09-13,Hassan,178,0,16,164,6,8,0,43,0,0,0,1269,0,595
987,2018-09-14,Hassan,173,0,16,164,6,7,0,43,0,0,0,1275,0,600
988,2018-09-15,Hassan,168,0,16,163,5,6,0,44,0,0,0,1281,0,604
989,2018-09-16,Hassan,162,0,15,161,5,6,0,44,0,0,0,1287,0,609
990,2018-09-17,Hassan,157,0,15,160,5,5,0,45,0,0,0,1294,0,613
991,2018-09-18,Hassan,151,0,15,159,5,4,0,45,0,0,0,1300,0,618
992,2018-09-19,Hassan,145,0,15,157,4,4,0,46,0,0,0,1306,0,622
993,2018-09-20,Hassan,140,0,15,156,4,4,0,46,0,0,0,1313,0,627
994,2018-09-21,Hassan,134,0,14,154,4,3,0,47,0,0,0,1319,0,631
995,2018-09-22,Hassan,128,0,14,152,4,3,0,47,0,0,0,1326,0,635
996,2018-09-23,Hassan,123,0,14,151,4,3,0,48,0,0,0,1332,0,640
997,2018-09-24,Hassan,118,0,14,149,3,2,0,49,0,0,0,1339,0,644
998,2018-09-25,Hassan,112,0,14,147,3,2,0,49,0,0,0,1345,0,648
999,2018-09-26,Hassan,107,0,14,145,3,2,0,50,0,0,0,1351,0,651
1000,2018-09-27,Hassan,103,0,13,143,3,2,0,50,0,0,0,1357,0,655
1001,2018-09-28,Hassan,98,0,13,141,3,2,0,51,0,0,0,1363,0,658
1002,2018-09-29,Hassan,94,0,13,138,2,2,0,52,0,0,0,1369,0,661
1003,2018-09-30,Hassan,90,0,13,136,2,3,0,52,0,0,0,1375,0,664
1004,2018-10-01,Hassan,86,0,13,134,2,3,0,53,0,0,0,1380,0,667
1005,2018-10-02,Hassan,83,0,13,132,2,3,0,54,0,0,0,1385,0,669
1006,2018-10-03,Hassan,80,0,13,130,2,4,0,54,0,0,0,1390,0,671
1007,2018-10-04,Hassan,77,0,13,127,2,4,0,55,0,0,0,1395,1,673
1008,2018-10-05,Hassan,75,0,13,125,1,5,0,56,0,0,0,1399,1,675
1009,2018-10-06,Hassan,73,0,13,123,1,5,0,56,0,0,0,1404,1,676
1010,2018-10-07,Hassan,71,0,13,121,1,6,0,57,0,0,0,1408,2,677
1011,2018-10-08,Hassan,70,0,13,118,1,7,0,57,0,0,0,1411,2,678
1012,2018-10-09,Hassan,69,0,13,116,1,7,0,58,0,0,0,1415,2,679
1013,2018-10-10,Hassan,68,0,13,114,1,8,0,59,0,0,0,1418,3,680
1014,2018-10-11,Hassan,67,0,13,112,1,9,0,59,0,0,0,1420,3,680
1015,2018-10-12,Hassan,67,0,13,110,1,10,0,60,0,0,0,1423,3,680
1016,2018-10-13,Hassan,67,0,13,108,1,10,0,60,0,0,0,1425,4,681
1017,2018-10-14,Hassan,67,0,13,106,1,11,0,61,0,0,0,1427,4,681
1018,2018-10-15,Hassan,67,0,13,104,1,12,0,62,0,0,0,1428,4,680
1019,2018-10-16,Hassan,67,0,13,102,1,13,0,62,0,0,0,1429,5,680
1020,2018-10-17,Hassan,68,0,14,101,1,14,0,63,0,0,0,1430,5,680
1021,2018-10-18,Hassan,69,0,14,99,1,15,0,63,0,0,0,1430,6,679
1022,2018-10-19,Hassan,69,0,14,97,1,15,0,64,0,0,0,1430,6,679
1023,2018-10-20,Hassan,70,0,14,96,1,16,0,64,0,0,0,1430,6,678
1024,2018-10-21,Hassan,71,0,14,95,1,17,0,65,0,0,0,1429,7,678
1025,2018-10-22,Hassan,72,0,14,93,1,18,0,65,0,0,0,1428,7,677
1026,2018-10-23,Hassan,73,0,15,92,1,18,0,65,1,0,0,1426,7,677
1027,2018-10-24,Hassan,74,0,15,91,1,19,0,66,1,0,0,1424,8,676
1028,2018-10-25,Hassan,75,0,15,91,1,20,0,66,1,0,0,1421,8,675
1029,2018-10-26,Hassan,76,0,15,90,1,20,0,66,1,0,0,1418,8,675
1030,2018-10-27,Hassan,77,0,16,89,1,21,0,67,1,0,0,1415,8,674
1031,2018-10-28,Hassan,78,0,16,89,1,22,0,67,1,0,0,1411,8,674
1032,2018-10-29,Hassan,79,0,16,89,1,22,0,67,1,0,0,1406,9,673
1033,2018-10-30,Hassan,80,0,16,89,1,22,0,68,1,0,0,1401,9,673
1034,2018-10-31,Hassan,81,0,17,89,1,23,0,68,1,0,0,1396,9,672
1035,2018-11-01,Hassan,82,0,17,89,1,23,0,68,1,0,0,1390,9,672
1036,2018-11-02,Hassan,83,0,17,89,1,23,0,68,1,0,0,1383,9,672
1037,2018-11-03,Hassan,83,0,18,90,1,23,0,68,1,0,0,1376,9,672
1038,2018-11-04,Hassan,84,0,18,91,1,23,0,68,1,0,0,1369,9,672
1039,2018-11-05,Hassan,84,0,18,92,1,23,0,68,1,0,0,1361,9,672
1040,2018-11-06,Hassan,85,0,19,93,1,23,0,68,1,0,0,1353,9,672
1041,2018-11-07,Hassan,85,0,19,94,1,23,0,68,1,0,0,1344,9,672
1042,2018-11-08,Hassan,85,0,19,96,1,23,0,68,1,0,0,1335,9,673
1043,2018-11-09,Hassan,85,0,20,97,1,23,0,68,1,0,0,1326,8,673
1044,2018-11-10,Hassan,85,0,20,98,1,23,0,68,2,0,0,1317,8,673
1045,2018-11-11,Hassan,85,0,20,100,1,22,0,68,2,0,0,1307,8,674
1046,2018-11-12,Hassan,85,0,21,102,1,22,0,68,2,0,0,1298,8,674
1047,2018-11-13,Hassan,85,0,21,104,1,21,0,68,2,0,0,1288,8,674
1048,2018-11-14,Hassan,85,0,21,105,1,21,0,68,2,0,0,1278,7,675
1049,2018-11-15,Hassan,84,0,22,107,1,21,0,68,2,0,0,1268,7,675
1050,2018-11-16,Hassan,84,0,22,109,1,20,0,67,2,0,0,1258,7,675
1051,2018-11-17,Hassan,83,0,23,111,1,20,0,67,2,0,0,1248,6,676
1052,2018-11-18,Hassan,83,0,23,113,1,19,0,67,2,0,0,1238,6,676
1053,2018-11-19,Hassan,82,0,23,114,1,18,0,67,2,0,0,1228,6,676
1054,2018-11-20,Hassan,82,0,23,116,0,18,0,66,2,0,0,1218,5,676
1055,2018-11-21,Hassan,81,0,24,118,0,17,0,66,2,0,0,1209,5,676
1056,2018-11-22,Hassan,81,0,24,120,0,17,0,66,2,0,0,1200,5,676
1057,2018-11-23,Hassan,80,0,24,121,0,16,0,65,2,0,0,1191,4,676
1058,2018-11-24,Hassan,79,0,25,123,0,15,0,65,2,0,0,1182,4,676
1059,2018-11-25,Hassan,79,0,25,124,0,15,0,65,2,0,0,1174,4,676
1060,2018-11-26,Hassan,78,0,25,126,0,14,0,64,2,0,0,1165,3,675
1061,2018-11-27,Hassan,77,0,25,127,0,13,0,64,2,0,0,1158,3,675
1062,2018-11-28,Hassan,76,0,26,128,0,13,0,63,2,0,0,1151,3,674
1063,2018-11-29,Hassan,76,0,26,129,0,12,0,63,2,0,0,1144,3,673
1064,2018-11-30,Hassan,75,0,26,130,0,12,0,62,2,0,0,1138,2,672
1065,2018-12-01,Hassan,74,0,26,131,0,11,0,62,2,0,0,1132,2,671
1066,2018-12-02,Hassan,73,0,26,132,0,10,0,62,2,0,0,1127,2,670
1067,2018-12-03,Hassan,72,0,26,132,0,10,0,61,2,0,0,1122,2,668
1068,2018-12-04,Hassan,72,0,26,132,0,9,0,60,2,0,0,1118,1,666
1069,2018-12-05,Hassan,71,0,26,132,0,9,0,60,2,0,0,1115,1,665
1070,2018-12-06,Hassan,70,0,26,132,0,8,0,59,2,0,0,1112,1,663
1071,2018-12-07,Hassan,69,0,26,132,0,8,0,59,2,0,0,1110,1,661
1072,2018-12-08,Hassan,68,0,26,132,0,7,0,58,2,0,0,1108,1,658
1073,2018-12-09,Hassan,68,0,26,132,0,7,0,58,2,0,0,1106,0,656
1074,2018-12-10,Hassan,67,0,26,131,0,7,0,57,2,0,0,1105,0,653
1075,2018-12-11,Hassan,66,0,26,130,0,6,0,57,1,0,0,1104,0,651
1076,2018-12-12,Hassan,65,0,26,130,0,6,0,56,1,0,0,1104,0,648
1077,2018-12-13,Hassan,65,0,26,129,0,5,0,56,1,0,0,1104,0,645
1078,2018-12-14,Hassan,64,0,26,128,0,5,0,56,1,0,0,1105,0,642
1079,2018-12-15,Hassan,63,0,26,127,0,5,0,55,1,0,0,1106,0,639
1080,2018-12-16,Hassan,63,0,26,126,0,4,0,55,1,0,0,1107,0,635
1081,2018-12-17,Hassan,62,0,26,125,0,4,0,54,1,0,0,1108,0,632
1082,2018-12-18,Hassan,61,0,26,124,0,4,0,54,1,0,0,1110,0,629
1083,2018-12-19,Hassan,61,0,26,123,0,3,0,54,1,0,0,1112,0,625
1084,2018-12-20,Hassan,60,0,26,122,0,3,0,53,1,0,0,1115,0,621
1085,2018-12-21,Hassan,60,0,26,121,0,3,0,53,1,0,0,1117,0,618
1086,2018-12-22,Hassan,59,0,26,120,0,3,0,53,1,0,0,1120,0,614
1087,2018-12-23,Hassan,59,0,26,119,0,2,0,53,1,0,0,1123,0,610
1088,2018-12-24,Hassan,58,0,26,118,0,2,0,53,0,0,0,1126,0,606
1089,2018-12-25,Hassan,58,0,26,117,0,2,0,53,0,0,0,1129,0,602
1090,2018-12-26,Hassan,58,0,26,115,0,2,0,53,0,0,0,1133,0,598
1091,2018-12-27,Hassan,58,0,26,114,0,2,0,53,0,0,0,1137,0,594
1092,2018-12-28,Hassan,57,0,26,113,0,1,0,53,0,0,0,1140,0,590
1093,2018-12-29,Hassan,57,0,26,112,0,1,0,53,0,0,0,1144,0,586
1094,2018-12-30,Hassan,57,0,26,112,0,1,0,53,0,0,0,1148,0,582
1095,2018-12-31,Hassan,57,0,26,111,0,1,0,54,0,0,0,1152,0,577
1096,2019-01-01,Hassan,57,0,26,110,0,1,0,54,0,0,0,1156,0,573
1097,2019-01-02,Hassan,57,0,26,109,0,1,0,54,0,0,0,1160,0,569
1098,2019-01-03,Hassan,57,0,26,109,0,1,0,55,0,0,0,1164,0,564
1099,2019-01-04,Hassan,57,0,26,108,0,1,0,56,0,0,0,1168,0,560
1100,2019-01-05,Hassan,58,0,26,108,0,1,0,56,0,0,0,1172,0,556
1101,2019-01-06,Hassan,58,0,27,107,0,1,0,57,0,0,0,1176,0,551
1102,2019-01-07,Hassan,58,0,27,107,0,1,0,58,0,0,0,1180,1,547
1103,2019-01-08,Hassan,58,0,27,106,1,1,0,58,0,0,0,1184,1,543
1104,2019-01-09,Hassan,59,0,27,106,1,1,0,59,0,0,0,1188,1,538
1105,2019-01-10,Hassan,59,0,27,106,1,1,0,60,0,0,0,1192,1,534
1106,2019-01-11,Hassan,59,0,28,106,1,1,0,61,0,0,0,1196,1,530
1107,2019-01-12,Hassan,60,0,28,105,1,1,0,62,0,0,0,1200,1,525
1108,2019-01-13,Hassan,60,0,28,105,1,1,0,63,0,0,0,1204,1,521
1109,2019-01-14,Hassan,61,0,28,105,1,1,0,63,0,0,0,1207,1,517
1110,2019-01-15,Hassan,61,0,28,105,1,1,0,64,0,0,0,1211,1,513
1111,2019-01-16,Hassan,61,0,29,104,1,1,0,65,0,0,0,1215,2,509
1112,2019-01-17,Hassan,62,0,29,104,1,1,0,66,0,0,0,1218,2,504
1113,2019-01-18,Hassan,62,0,29,104,1,1,0,67,0,0,0,1221,2,500
1114,2019-01-19,Hassan,62,0,29,104,2,1,0,68,0,0,0,1225,2,496
1115,2019-01-20,Hassan,63,0,29,103,2,1,0,69,0,0,0,1228,2,492
1116,2019-01-21,Hassan,63,0,30,103,2,1,0,69,0,0,0,1231,2,488
1117,2019-01-22,Hassan,63,0,30,102,2,1,0,70,0,0,0,1234,2,484
1118,2019-01-23,Hassan,64,0,30,102,2,1,0,71,0,0,0,1237,2,480
1119,2019-01-24,Hassan,64,0,30,101,2,1,0,71,1,0,0,1239,2,477
1120,2019-01-25,Hassan,64,0,30,101,2,1,0,72,1,0,0,1242,3,473
1121,2019-01-26,Hassan,64,0,31,100,2,1,0,72,1,0,0,1244,3,469
1122,2019-01-27,Hassan,64,0,31,99,2,1,0,73,1,0,0,1246,3,466
1123,2019-01-28,Hassan,64,0,31,98,3,1,0,73,1,0,0,1248,3,462
1124,2019-01-29,Hassan,64,0,31,97,3,1,0,74,1,0,0,1250,3,459
1125,2019-01-30,Hassan,64,0,31,96,3,1,0,74,1,0,0,1251,3,455
1126,2019-01-31,Hassan,63,0,31,95,3,1,0,74,1,0,0,1253,3,452
1127,2019-02-01,Hassan,63,0,31,94,3,1,0,74,1,0,0,1254,3,449
1128,2019-02-02,Hassan,63,0,31,93,3,1,0,74,1,0,0,1255,3,446
1129,2019-02-03,Hassan,62,0,31,91,3,1,0,74,1,0,0,1256,3,443
1130,2019-02-04,Hassan,62,0,31,90,3,1,0,74,1,0,0,1256,3,440
1131,2019-02-05,Hassan,61,0,31,88,3,1,0,73,1,0,0,1257,3,438
1132,2019-02-06,Hassan,60,0,31,86,3,1,0,73,1,0,0,1257,3,435
1133,2019-02-07,Hassan,60,0,31,84,4,1,0,72,1,0,0,1257,3,433
1134,2019-02-08,Hassan,59,0,31,83,4,1,0,72,1,0,0,1256,3,431
1135,2019-02-09,Hassan,58,0,30,81,4,1,0,71,1,0,0,1256,3,429
1136,2019-02-10,Hassan,57,0,30,79,4,1,0,71,2,0,0,1255,3,427
1137,2019-02-11,Hassan,57,0,30,77,4,1,0,70,2,0,0,1254,3,425
1138,2019-02-12,Hassan,56,0,30,75,4,1,0,69,2,0,0,1253,3,424
1139,2019-02-13,Hassan,55,0,30,73,4,1,0,69,2,0,0,1252,3,423
1140,2019-02-14,Hassan,55,0,30,71,4,1,0,68,2,0,0,1250,3,423
1141,2019-02-15,Hassan,54,0,29,70,4,1,0,67,2,0,0,1249,3,422
1142,2019-02-16,Hassan,53,0,29,68,4,0,0,66,2,0,0,1247,3,422
1143,2019-02-17,Hassan,53,0,29,66,4,0,0,66,2,0,0,1244,3,422
1144,2019-02-18,Hassan,52,0,29,65,4,0,0,65,2,0,0,1242,3,423
1145,2019-02-19,Hassan,52,0,28,63,4,0,0,64,2,0,0,1239,3,424
1146,2019-02-20,Hassan,52,0,28,62,4,0,0,63,2,0,0,1237,3,425
1147,2019-02-21,Hassan,52,0,28,60,4,0,0,63,2,0,0,1234,3,427
1148,2019-02-22,Hassan,52,0,27,59,4,0,0,62,2,0,0,1230,3,429
1149,2019-02-23,Hassan,52,0,27,58,4,1,0,61,2,0,0,1227,2,432
1150,2019-02-24,Hassan,52,0,27,57,4,1,0,60,2,0,0,1223,2,435
1151,2019-02-25,Hassan,52,0,26,57,4,1,0,60,2,0,0,1219,2,438
1152,2019-02-26,Hassan,53,0,26,56,4,1,0,59,2,0,0,1215,2,442
1153,2019-02-27,Hassan,53,0,26,56,4,1,0,59,2,0,0,1211,2,447
1154,2019-02-28,Hassan,54,0,25,56,4,1,0,58,2,0,0,1207,2,452
1155,2019-03-01,Hassan,55,0,25,56,4,1,0,58,2,0,0,1202,2,457
1156,2019-03-02,Hassan,56,0,25,56,4,1,0,58,2,0,0,1197,2,463
1157,2019-03-03,Hassan,57,0,24,57,4,1,0,57,2,0,0,1192,2,469
1158,2019-03-04,Hassan,59,0,24,58,4,1,0,57,2,0,0,1187,2,476
1159,2019-03-05,Hassan,61,0,24,59,4,2,0,57,2,0,0,1181,2,484
1160,2019-03-06,Hassan,62,0,23,60,4,2,0,57,2,0,0,1176,2,491
1161,2019-03-07,Hassan,64,0,23,61,3,2,0,57,2,0,0,1170,1,499
1162,2019-03-08,Hassan,66,0,23,63,3,2,0,57,2,0,0,1165,1,508
1163,2019-03-09,Hassan,68,0,22,64,3,2,0,57,2,0,0,1159,1,516
1164,2019-03-10,Hassan,70,0,22,66,3,3,0,58,2,0,0,1154,1,525
1165,2019-03-11,Hassan,72,0,22,68,3,3,0,58,2,0,0,1148,1,534
1166,2019-03-12,Hassan,74,0,21,70,3,3,0,58,2,0,0,1142,1,544
1167,2019-03-13,Hassan,77,0,21,72,3,3,0,58,2,0,0,1137,1,553
1168,2019-03-14,Hassan,79,0,21,74,3,3,0,58,1,0,0,1131,1,562
1169,2019-03-15,Hassan,81,0,20,76,3,3,0,59,1,0,0,1126,1,572
1170,2019-03-16,Hassan,83,0,20,79,2,3,0,59,1,0,0,1121,1,581
1171,2019-03-17,Hassan,85,0,20,81,2,3,0,59,1,0,0,1116,1,591
1172,2019-03-18,Hassan,87,0,20,83,2,3,0,60,1,0,0,1111,1,600
1173,2019-03-19,Hassan,89,0,19,86,2,4,0,60,1,0,0,1106,1,610
1174,2019-03-20,Hassan,91,0,19,88,2,3,0,60,1,0,0,1102,0,619
1175,2019-03-21,Hassan,93,0,19,90,2,3,0,61,1,0,0,1098,0,628
1176,2019-03-22,Hassan,95,0,19,93,2,3,0,61,1,0,0,1094,0,637
1177,2019-03-23,Hassan,96,0,19,95,2,3,0,61,1,0,0,1090,0,646
1178,2019-03-24,Hassan,98,0,19,97,1,3,0,61,1,0,0,1087,0,654
1179,2019-03-25,Hassan,99,0,19,100,1,3,0,62,1,0,0,1084,0,662
1180,2019-03-26,Hassan,100,0,19,102,1,3,0,62,1,0,0,1082,0,670
1181,2019-03-27,Hassan,101,0,19,104,1,2,0,62,1,0,0,1080,0,677
1182,2019-03-28,Hassan,102,0,19,106,1,2,0,62,1,0,0,1078,0,684
1183,2019-03-29,Hassan,102,0,19,108,1,2,0,62,1,0,0,1077,0,691
1184,2019-03-30,Hassan,102,0,19,110,1,1,0,62,1,0,0,1077,0,697
1185,2019-03-31,Hassan,102,0,19,111,1,1,0,62,1,0,0,1077,0,702
1186,2019-04-01,Hassan,102,0,19,113,1,0,0,62,1,0,0,1077,0,707
1187,2019-04-02,Hassan,101,0,19,114,1,0,0,62,1,0,0,1078,0,711
1188,2019-04-03,Hassan,101,0,19,116,1,0,0,62,1,0,0,1079,0,715
1189,2019-04-04,Hassan,100,0,20,117,1,0,0,61,1,0,0,1081,0,718
1190,2019-04-05,Hassan,98,0,20,118,1,0,0,61,1,0,0,1084,0,721
1191,2019-04-06,Hassan,97,0,20,119,1,0,0,61,1,0,0,1087,0,723
1192,2019-04-07,Hassan,95,0,21,119,1,0,0,60,1,0,0,1090,0,724
1193,2019-04-08,Hassan,93,0,21,120,1,0,0,60,1,0,0,1094,0,726
1194,2019-04-09,Hassan,91,0,21,120,1,0,0,59,1,0,0,1098,0,726
1195,2019-04-10,Hassan,89,0,22,121,1,0,0,59,2,0,0,1102,0,726
1196,2019-04-11,Hassan,87,0,22,121,1,0,0,58,2,0,0,1107,0,726
1197,2019-04-12,Hassan,84,0,22,121,1,0,0,58,2,0,0,1112,0,725
1198,2019-04-13,Hassan,82,0,23,121,1,0,0,57,2,0,0,1117,0,724
1199,2019-04-14,Hassan,79,0,23,121,2,0,0,57,2,0,0,1122,0,723
1200,2019-04-15,Hassan,76,0,24,121,2,0,0,56,2,0,0,1127,0,721
1201,2019-04-16,Hassan,74,0,24,121,2,0,0,56,2,0,0,1133,0,719
1202,2019-04-17,Hassan,71,0,24,120,2,0,0,55,2,0,0,1138,0,717
1203,2019-04-18,Hassan,68,0,25,120,2,0,0,55,2,0,0,1144,0,714
1204,2019-04-19,Hassan,65,0,25,119,2,0,0,54,2,0,0,1150,0,711
1205,2019-04-20,Hassan,63,0,25,119,2,0,0,53,2,0,0,1155,0,708
1206,2019-04-21,Hassan,60,0,26,118,2,0,0,53,2,0,0,1161,0,704
1207,2019-04-22,Hassan,58,0,26,117,2,0,0,52,3,0,0,1167,0,700
1208,2019-04-23,Hassan,55,0,26,116,2,0,0,52,3,0,0,1172,0,696
1209,2019-04-24,Hassan,53,0,27,116,2,0,0,52,3,0,0,1178,0,692
1210,2019-04-25,Hassan,50,0,27,115,3,0,0,51,3,0,0,1183,0,688
1211,2019-04-26,Hassan,48,0,27,114,3,0,0,51,3,0,0,1188,0,684
1212,2019-04-27,Hassan,46,0,27,113,3,0,0,51,3,0,0,1193,0,679
1213,2019-04-28,Hassan,44,0,28,111,3,0,0,50,3,0,0,1197,0,674
1214,2019-04-29,Hassan,43,0,28,110,3,0,0,50,3,0,0,1201,0,670
1215,2019-04-30,Hassan,41,0,28,109,3,0,0,50,3,0,0,1205,0,665
1216,2019-05-01,Hassan,40,0,28,108,3,0,0,50,3,0,0,1209,0,660
1217,2019-05-02,Hassan,39,0,28,107,3,2,0,50,3,0,0,1212,0,655
1218,2019-05-03,Hassan,38,0,28,106,3,5,0,50,3,0,0,1215,0,650
1219,2019-05-04,Hassan,38,0,28,104,3,8,0,50,3,0,0,1218,0,645
1220,2019-05-05,Hassan,37,0,28,103,3,11,0,50,3,0,0,1220,0,640
1221,2019-05-06,Hassan,37,0,28,102,3,14,0,51,3,0,0,1222,0,636
1222,2019-05-07,Hassan,37,0,28,100,3,17,0,51,3,0,0,1223,0,631
1223,2019-05-08,Hassan,37,0,27,99,3,21,0,51,3,0,0,1224,0,626
1224,2019-05-09,Hassan,38,0,27,98,3,24,0,52,3,0,0,1225,0,621
1225,2019-05-10,Hassan,38,0,27,97,3,28,0,52,3,0,0,1226,0,617
1226,2019-05-11,Hassan,39,0,27,96,3,32,0,52,3,0,0,1226,0,612
1227,2019-05-12,Hassan,40,0,26,94,3,36,0,53,3,0,0,1226,0,608
1228,2019-05-13,Hassan,41,0,26,93,3,40,0,53,3,0,0,1226,0,604
1229,2019-05-14,Hassan,42,0,26,92,3,44,0,54,2,0,0,1226,0,600
1230,2019-05-15,Hassan,43,0,25,91,3,48,0,54,2,0,0,1225,0,596
1231,2019-05-16,Hassan,44,0,25,90,3,52,0,55,2,0,0,1224,0,592
1232,2019-05-17,Hassan,45,0,24,90,3,56,0,55,2,0,0,1223,0,588
1233,2019-05-18,Hassan,47,0,24,89,3,59,0,56,2,0,0,1222,0,585
1234,2019-05-19,Hassan,48,0,23,88,3,63,0,57,2,0,0,1220,0,582
1235,2019-05-20,Hassan,50,0,23,88,3,67,0,57,2,0,0,1219,0,579
1236,2019-05-21,Hassan,51,0,23,87,3,71,0,58,2,0,0,1217,1,576
1237,2019-05-22,Hassan,53,0,22,87,3,74,0,58,2,0,0,1215,1,574
1238,2019-05-23,Hassan,55,0,22,86,3,78,0,58,2,0,0,1213,2,572
1239,2019-05-24,Hassan,56,0,21,86,3,81,0,59,2,0,0,1211,2,570
1240,2019-05-25,Hassan,58,0,21,86,3,84,0,59,2,0,0,1209,3,569
1241,2019-05-26,Hassan,60,0,20,86,4,87,0,60,1,0,0,1206,3,567
1242,2019-05-27,Hassan,61,0,20,87,4,90,0,60,1,0,0,1204,4,567
1243,2019-05-28,Hassan,63,0,19,87,4,92,0,60,1,0,0,1201,5,566
1244,2019-05-29,Hassan,64,0,19,87,4,94,0,61,1,0,0,1199,6,566
1245,2019-05-30,Hassan,66,0,18,88,4,96,0,61,1,0,0,1196,7,566
1246,2019-05-31,Hassan,68,0,17,89,4,98,0,61,1,0,0,1194,8,567
1247,2019-06-01,Hassan,69,0,17,90,4,99,0,61,1,0,0,1191,9,568
1248,2019-06-02,Hassan,70,0,17,91,4,100,0,61,1,0,0,1188,10,570
1249,2019-06-03,Hassan,72,0,16,93,4,101,0,61,1,0,0,1186,12,571
1250,2019-06-04,Hassan,73,0,16,94,4,101,0,61,1,0,0,1183,13,574
1251,2019-06-05,Hassan,74,0,15,96,5,101,0,61,1,0,0,1180,14,576
1252,2019-06-06,Hassan,75,0,15,98,5,101,0,61,1,0,0,1178,16,579
1253,2019-06-07,Hassan,76,0,14,100,5,101,0,60,1,0,0,1175,18,583
1254,2019-06-08,Hassan,77,0,14,102,5,100,0,60,1,0,0,1172,19,586
1255,2019-06-09,Hassan,78,0,13,104,5,99,0,60,1,0,0,1170,21,590
1256,2019-06-10,Hassan,79,0,13,107,5,98,0,59,1,0,0,1167,23,594
1257,2019-06-11,Hassan,80,0,13,109,5,97,0,59,1,0,0,1165,24,599
1258,2019-06-12,Hassan,81,0,12,112,6,95,0,59,1,0,0,1162,26,603
1259,2019-06-13,Hassan,81,0,12,115,6,93,0,58,1,0,0,1160,28,608
1260,2019-06-14,Hassan,82,0,11,118,6,92,0,58,1,0,0,1158,29,612
1261,2019-06-15,Hassan,83,0,11,121,6,90,0,57,1,0,0,1156,31,617
1262,2019-06-16,Hassan,83,0,11,124,6,87,0,57,1,0,0,1154,33,622
1263,2019-06-17,Hassan,84,0,10,128,6,85,0,56,1,0,0,1152,34,628
1264,2019-06-18,Hassan,84,0,10,131,6,83,0,56,1,0,0,1150,36,633
1265,2019-06-19,Hassan,84,0,10,135,7,80,0,56,1,0,0,1148,38,638
1266,2019-06-20,Hassan,85,0,9,138,7,78,0,55,1,0,0,1147,39,643
1267,2019-06-21,Hassan,85,0,9,142,7,75,0,55,1,0,0,1145,40,648
1268,2019-06-22,Hassan,85,0,9,146,7,73,0,54,1,0,0,1144,42,653
1269,2019-06-23,Hassan,86,0,9,150,7,70,0,54,1,0,0,1143,43,658
1270,2019-06-24,Hassan,86,0,8,154,7,67,0,54,1,0,0,1142,44,663
1271,2019-06-25,Hassan,86,0,8,158,7,64,0,53,1,0,0,1141,45,668
1272,2019-06-26,Hassan,86,0,8,162,7,61,0,53,1,0,0,1140,46,673
1273,2019-06-27,Hassan,86,0,8,166,7,59,0,53,1,0,0,1140,47,677
1274,2019-06-28,Hassan,86,0,7,170,7,56,0,52,1,0,0,1140,48,681
1275,2019-06-29,Hassan,86,0,7,174,7,53,0,52,1,0,0,1140,48,686
1276,2019-06-30,Hassan,86,0,7,179,7,51,0,52,1,0,0,1140,49,689
1277,2019-07-01,Hassan,86,0,7,183,7,48,0,52,1,0,0,1140,49,693
1278,2019-07-02,Hassan,86,0,7,187,7,45,0,52,1,0,0,1141,49,696
1279,2019-07-03,Hassan,86,0,7,192,7,43,0,52,1,0,0,1141,49,699
1280,2019-07-04,Hassan,86,0,7,196,7,41,0,52,1,0,0,1142,49,702
1281,2019-07-05,Hassan,85,0,7,201,7,38,0,52,1,0,0,1144,49,705
1282,2019-07-06,Hassan,85,0,6,205,6,36,0,52,1,0,0,1145,48,707
1283,2019-07-07,Hassan,85,0,6,210,6,34,0,53,1,0,0,1146,48,709
1284,2019-07-08,Hassan,85,0,6,214,6,32,0,53,1,0,0,1148,47,711
1285,2019-07-09,Hassan,85,0,6,218,6,30,0,53,1,0,0,1150,46,712
1286,2019-07-10,Hassan,84,0,6,223,6,28,0,53,1,0,0,1152,45,714
1287,2019-07-11,Hassan,84,0,6,227,5,26,0,54,1,0,0,1154,44,715
1288,2019-07-12,Hassan,84,0,6,231,5,24,0,54,1,0,0,1156,43,716
1289,2019-07-13,Hassan,84,0,6,235,5,23,0,54,1,0,0,1159,42,717
1290,2019-07-14,Hassan,83,0,6,240,5,21,0,55,2,0,0,1161,41,718
1291,2019-07-15,Hassan,83,0,6,244,4,20,0,55,2,0,0,1164,40,718
1292,2019-07-16,Hassan,83,0,6,247,4,18,0,55,2,0,0,1166,38,719
1293,2019-07-17,Hassan,83,0,6,251,4,17,0,56,2,0,0,1169,37,719
1294,2019-07-18,Hassan,83,0,7,255,3,16,0,56,2,0,0,1172,36,719
1295,2019-07-19,Hassan,82,0,7,258,3,15,0,57,2,0,0,1175,35,719
1296,2019-07-20,Hassan,82,0,7,262,3,13,0,57,2,0,0,1178,33,719
1297,2019-07-21,Hassan,82,0,7,265,3,12,0,57,2,0,0,1181,32,719
1298,2019-07-22,Hassan,82,0,7,268,3,11,0,58,2,0,0,1184,31,719
1299,2019-07-23,Hassan,82,0,7,271,2,11,0,58,2,0,0,1186,29,718
1300,2019-07-24,Hassan,82,0,7,274,2,10,0,58,2,0,0,1189,28,718
1301,2019-07-25,Hassan,82,0,7,276,2,9,0,58,2,0,0,1192,27,717
1302,2019-07-26,Hassan,82,0,7,279,2,9,0,59,2,0,0,1195,26,717
1303,2019-07-27,Hassan,82,0,7,281,2,8,0,59,2,0,0,1198,24,717
1304,2019-07-28,Hassan,82,0,7,283,1,8,0,59,2,0,0,1201,23,716
1305,2019-07-29,Hassan,82,0,8,284,1,7,0,59,2,0,0,1204,22,716
1306,2019-07-30,Hassan,82,0,8,286,1,7,0,59,2,0,0,1207,22,715
1307,2019-07-31,Hassan,83,0,8,287,1,7,0,59,2,0,0,1209,21,714
1308,2019-08-01,Hassan,83,0,8,288,1,7,0,59,2,0,0,1212,20,714
1309,2019-08-02,Hassan,83,0,8,289,1,7,0,59,2,0,0,1215,19,714
1310,2019-08-03,Hassan,84,0,8,289,1,7,0,59,2,0,0,1217,19,713
1311,2019-08-04,Hassan,84,0,8,289,1,7,0,59,2,0,0,1219,18,713
1312,2019-08-05,Hassan,85,0,9,289,1,8,0,58,2,0,0,1222,18,712
1313,2019-08-06,Hassan,85,0,9,289,1,8,0,58,2,0,0,1224,18,712
1314,2019-08-07,Hassan,86,0,9,288,1,8,0,58,2,0,0,1226,18,712
1315,2019-08-08,Hassan,86,0,9,288,1,9,0,57,2,0,0,1228,18,711
1316,2019-08-09,Hassan,87,0,9,287,1,9,0,57,2,0,0,1230,18,711
1317,2019-08-10,Hassan,88,0,9,286,1,10,0,56,2,0,0,1232,18,711
1318,2019-08-11,Hassan,88,0,9,285,2,10,0,56,2,0,0,1234,18,711
1319,2019-08-12,Hassan,89,0,10,283,2,11,0,55,2,0,0,1235,18,710
1320,2019-08-13,Hassan,90,0,10,282,2,12,0,55,2,0,0,1237,18,710
1321,2019-08-14,Hassan,90,0,10,280,2,12,0,54,2,0,0,1239,18,710
1322,2019-08-15,Hassan,91,0,10,279,2,13,0,54,2,0,0,1240,18,710
1323,2019-08-16,Hassan,92,0,10,277,2,14,0,54,2,0,0,1242,19,710
1324,2019-08-17,Hassan,92,0,10,275,3,14,0,53,2,0,0,1243,19,710
1325,2019-08-18,Hassan,93,0,10,273,3,15,0,53,2,0,0,1244,19,710
1326,2019-08-19,Hassan,93,0,10,271,3,16,0,52,2,0,0,1245,19,710
1327,2019-08-20,Hassan,94,0,11,269,3,17,0,52,2,0,0,1246,20,709
1328,2019-08-21,Hassan,94,0,11,267,3,17,0,51,2,0,0,1248,20,709
1329,2019-08-22,Hassan,95,0,11,265,3,18,0,51,2,0,0,1249,20,709
1330,2019-08-23,Hassan,95,0,11,263,4,19,0,50,1,0,0,1249,21,709
1331,2019-08-24,Hassan,95,0,11,261,4,19,0,50,1,0,0,1250,21,709
1332,2019-08-25,Hassan,96,0,11,259,4,20,0,50,1,0,0,1251,21,709
1333,2019-08-26,Hassan,96,0,11,257,4,20,0,49,1,0,0,1252,21,709
1334,2019-08-27,Hassan,96,0,11,255,4,21,0,49,1,0,0,1253,21,709
1335,2019-08-28,Hassan,96,0,12,253,5,21,0,49,1,0,0,1253,21,709
1336,2019-08-29,Hassan,96,0,12,251,5,21,0,49,1,0,0,1254,21,709
1337,2019-08-30,Hassan,96,0,12,249,5,22,0,49,1,0,0,1254,21,709
1338,2019-08-31,Hassan,95,0,12,248,5,22,0,49,1,0,0,1255,21,709
1339,2019-09-01,Hassan,95,0,12,246,5,22,0,49,1,0,0,1255,21,709
1340,2019-09-02,Hassan,95,0,12,245,5,22,0,49,1,0,0,1255,21,709
1341,2019-09-03,Hassan,94,0,12,243,5,22,0,49,1,0,0,1256,20,709
1342,2019-09-04,Hassan,93,0,12,242,5,22,0,50,1,0,0,1256,20,709
1343,2019-09-05,Hassan,93,0,12,241,5,22,0,50,1,0,0,1256,20,709
1344,2019-09-06,Hassan,92,0,12,240,5,21,0,50,1,0,0,1256,19,709
1345,2019-09-07,Hassan,91,0,12,239,5,21,0,51,1,0,0,1256,18,709
1346,2019-09-08,Hassan,90,0,13,238,5,21,0,51,1,0,0,1256,18,709
1347,2019-09-09,Hassan,89,0,13,237,5,20,0,52,1,0,0,1256,17,709
1348,2019-09-10,Hassan,88,0,13,236,5,20,0,52,0,0,0,1256,16,710
1349,2019-09-11,Hassan,87,0,13,236,5,19,0,53,0,0,0,1256,16,710
1350,2019-09-12,Hassan,86,0,13,235,5,19,0,53,0,0,0,1257,15,711
1351,2019-09-13,Hassan,85,0,13,234,5,18,0,54,0,0,0,1257,14,711
1352,2019-09-14,Hassan,83,0,13,234,5,18,0,55,0,0,0,1257,13,712
1353,2019-09-15,Hassan,82,0,13,233,5,17,0,55,0,0,0,1257,12,713
1354,2019-09-16,Hassan,81,0,13,233,5,16,0,56,0,0,0,1257,12,713
1355,2019-09-17,Hassan,79,0,13,232,5,16,0,57,0,0,0,1257,11,715
1356,2019-09-18,Hassan,78,0,13,232,5,15,0,57,0,0,0,1257,10,716
1357,2019-09-19,Hassan,77,0,13,231,5,14,0,58,0,0,0,1257,9,717
1358,2019-09-20,Hassan,76,0,13,231,4,14,0,59,0,0,0,1258,8,719
1359,2019-09-21,Hassan,74,0,13,230,4,13,0,59,0,0,0,1258,7,720
1360,2019-09-22,Hassan,73,0,13,229,4,12,0,60,0,0,0,1259,6,722
1361,2019-09-23,Hassan,72,0,13,229,4,12,0,61,0,0,0,1259,5,724
1362,2019-09-24,Hassan,70,0,13,228,4,11,0,61,0,0,0,1260,5,727
1363,2019-09-25,Hassan,69,0,13,228,4,10,0,62,0,0,0,1260,4,729
1364,2019-09-26,Hassan,68,0,13,227,4,10,0,62,0,0,0,1261,3,732
1365,2019-09-27,Hassan,67,0,13,226,4,9,0,63,0,0,0,1262,2,735
1366,2019-09-28,Hassan,66,0,13,225,3,8,0,63,0,0,0,1263,2,738
1367,2019-09-29,Hassan,65,0,13,224,3,8,0,63,0,0,0,1264,1,741
1368,2019-09-30,Hassan,64,0,13,223,3,7,0,64,0,0,0,1265,1,745
1369,2019-10-01,Hassan,63,0,13,222,3,7,0,64,0,0,0,1266,0,749
1370,2019-10-02,Hassan,62,0,13,221,3,7,0,64,0,0,0,1267,0,753
1371,2019-10-03,Hassan,61,0,13,219,3,6,0,64,0,0,0,1269,0,758
1372,2019-10-04,Hassan,61,0,13,218,3,6,0,64,0,0,0,1270,0,762
1373,2019-10-05,Hassan,60,0,13,217,2,6,0,64,0,0,0,1272,0,767
1374,2019-10-06,Hassan,60,0,13,215,2,5,0,64,0,0,0,1274,0,772
1375,2019-10-07,Hassan,59,0,13,213,2,5,0,64,0,0,0,1276,0,778
1376,2019-10-08,Hassan,59,0,13,212,2,5,0,64,0,0,0,1277,0,783
1377,2019-10-09,Hassan,58,0,13,210,2,5,0,64,0,0,0,1279,0,789
1378,2019-10-10,Hassan,58,0,13,208,2,5,0,64,0,0,0,1281,0,794
1379,2019-10-11,Hassan,58,0,13,206,2,5,0,64,0,0,0,1283,0,800
1380,2019-10-12,Hassan,58,0,13,204,2,5,0,63,1,0,0,1285,0,805
1381,2019-10-13,Hassan,57,0,13,202,2,5,0,63,1,0,0,1286,0,811
1382,2019-10-14,Hassan,57,0,13,200,1,5,0,63,1,0,0,1288,0,816
1383,2019-10-15,Hassan,57,0,13,198,1,5,0,62,1,0,0,1290,0,822
1384,2019-10-16,Hassan,57,0,13,196,1,5,0,62,1,0,0,1291,0,827
1385,2019-10-17,Hassan,57,0,13,194,1,5,0,61,1,0,0,1293,0,833
1386,2019-10-18,Hassan,57,0,12,192,1,6,0,61,1,0,0,1294,0,838
1387,2019-10-19,Hassan,57,0,12,189,1,6,0,61,1,0,0,1295,0,843
1388,2019-10-20,Hassan,58,0,12,187,1,6,0,60,1,0,0,1296,0,848
1389,2019-10-21,Hassan,58,0,12,185,1,6,0,60,1,0,0,1297,0,852
1390,2019-10-22,Hassan,58,0,12,183,1,7,0,59,1,0,0,1298,0,857
1391,2019-10-23,Hassan,58,0,12,181,1,7,0,59,1,0,0,1298,0,861
1392,2019-10-24,Hassan,58,0,12,178,0,7,0,58,1,0,0,1299,1,864
1393,2019-10-25,Hassan,59,0,12,176,0,7,0,58,2,0,0,1299,1,868
1394,2019-10-26,Hassan,59,0,12,174,0,8,0,57,2,0,0,1298,1,871
1395,2019-10-27,Hassan,59,0,12,172,0,8,0,57,2,0,0,1298,2,874
1396,2019-10-28,Hassan,60,0,12,170,0,8,0,56,2,0,0,1297,2,876
1397,2019-10-29,Hassan,60,0,12,167,0,9,0,55,2,0,0,1297,3,878
1398,2019-10-30,Hassan,60,0,12,165,0,9,0,55,2,0,0,1295,3,880
1399,2019-10-31,Hassan,61,0,12,163,0,10,0,54,2,0,0,1294,4,881
1400,2019-11-01,Hassan,61,0,12,161,0,10,0,54,2,0,0,1292,4,881
1401,2019-11-02,Hassan,61,0,12,159,0,10,0,54,2,0,0,1290,4,881
1402,2019-11-03,Hassan,62,0,12,157,0,11,0,53,2,0,0,1287,5,880
1403,2019-11-04,Hassan,62,0,12,155,0,11,0,53,2,0,0,1284,5,879
1404,2019-11-05,Hassan,63,0,12,153,0,12,0,52,2,0,0,1281,6,877
1405,2019-11-06,Hassan,63,0,12,151,0,12,0,52,2,0,0,1277,6,875
1406,2019-11-07,Hassan,63,0,12,150,0,12,0,52,2,0,0,1273,7,872
1407,2019-11-08,Hassan,64,0,12,148,0,13,0,51,2,0,0,1269,7,868
1408,2019-11-09,Hassan,64,0,12,146,0,13,0,51,2,0,0,1264,8,864
1409,2019-11-10,Hassan,64,0,12,145,0,13,0,51,2,0,0,1259,8,858
1410,2019-11-11,Hassan,65,0,12,143,0,14,0,51,2,0,0,1253,8,852
1411,2019-11-12,Hassan,65,0,12,142,0,14,0,50,2,0,0,1246,9,846
1412,2019-11-13,Hassan,65,0,12,140,0,15,0,50,2,0,0,1240,9,838
1413,2019-11-14,Hassan,66,0,12,139,0,15,0,50,2,0,0,1232,9,830
1414,2019-11-15,Hassan,66,0,12,138,0,15,0,50,2,0,0,1224,10,820
1415,2019-11-16,Hassan,66,0,12,137,0,15,0,50,2,0,0,1216,10,810
1416,2019-11-17,Hassan,67,0,12,136,0,16,0,50,2,0,0,1207,10,799
1417,2019-11-18,Hassan,67,0,12,135,0,16,0,51,2,0,0,1197,10,787
1418,2019-11-19,Hassan,67,0,12,135,0,16,0,51,2,0,0,1187,11,774
1419,2019-11-20,Hassan,67,0,12,134,0,16,0,51,2,0,0,1176,11,760
1420,2019-11-21,Hassan,67,0,12,134,0,17,0,51,2,0,0,1165,11,745
1421,2019-11-22,Hassan,67,0,12,133,0,17,0,52,2,0,0,1153,11,729
1422,2019-11-23,Hassan,67,0,12,133,0,17,0,52,1,0,0,1140,11,711
1423,2019-11-24,Hassan,67,0,12,133,0,17,0,53,1,0,0,1127,11,693
1424,2019-11-25,Hassan,67,0,12,133,0,17,0,53,1,0,0,1113,11,674
1425,2019-11-26,Hassan,67,0,13,133,0,17,0,54,1,0,0,1098,11,653
1426,2019-11-27,Hassan,67,0,13,134,1,17,0,55,1,0,0,1083,11,631
1427,2019-11-28,Hassan,67,0,13,134,1,17,0,56,1,0,0,1067,11,608
1428,2019-11-29,Hassan,67,0,13,135,1,17,0,57,0,0,0,1050,11,584
1429,2019-11-30,Hassan,66,0,13,136,1,17,0,58,0,0,0,1032,10,559
1430,2019-12-01,Hassan,66,0,13,137,1,17,0,59,0,0,0,1014,10,532
