,Date,Region,Gastroenteritis,Infectious Hepatitis,Typhoid,Malaria,Dengue,TB,Leprosy,Measles,Diarrhea,Chikungunya,Shigellosis
0,2016-01-01,Hassan,2,0,3,0,0,1,0,0,42,0,15
1,2016-01-02,Hassan,2,1,3,0,0,1,0,0,42,0,16
2,2016-01-03,Hassan,2,1,3,0,0,1,0,0,43,0,16
3,2016-01-04,Hassan,2,1,3,0,0,1,0,0,43,0,17
4,2016-01-05,Hassan,2,1,3,0,0,1,0,0,44,0,17
5,2016-01-06,Hassan,2,1,4,0,0,2,0,0,44,0,17
6,2016-01-07,Hassan,2,1,4,0,0,2,0,0,44,0,18
7,2016-01-08,Hassan,2,1,4,0,0,2,0,0,45,0,18
8,2016-01-09,Hassan,2,1,4,0,0,2,0,0,45,0,19
9,2016-01-10,Hassan,2,1,4,0,0,2,0,0,45,0,19
10,2016-01-11,Hassan,2,1,4,0,0,2,0,0,45,0,19
11,2016-01-12,Hassan,2,1,4,0,0,2,0,0,46,0,20
12,2016-01-13,Hassan,2,1,4,0,0,2,0,0,46,0,20
13,2016-01-14,Hassan,2,1,4,0,0,2,0,0,46,0,20
14,2016-01-15,Hassan,2,1,4,0,0,2,0,0,46,0,21
15,2016-01-16,Hassan,2,1,4,0,0,2,0,0,46,0,21
16,2016-01-17,Hassan,2,1,4,0,0,2,0,0,47,0,21
17,2016-01-18,Hassan,2,1,4,0,0,2,0,0,47,0,21
18,2016-01-19,Hassan,2,1,4,0,0,2,0,0,47,0,21
19,2016-01-20,Hassan,2,1,4,0,0,2,0,0,47,0,22
20,2016-01-21,Hassan,3,1,4,0,0,2,0,0,47,0,22
21,2016-01-22,Hassan,3,1,4,0,0,2,0,0,47,0,22
22,2016-01-23,Hassan,3,1,4,0,0,2,0,0,47,0,22
23,2016-01-24,Hassan,3,1,4,0,0,2,0,0,48,0,22
24,2016-01-25,Hassan,3,1,4,0,0,2,0,0,48,0,22
25,2016-01-26,Hassan,3,1,4,0,0,2,0,0,48,0,22
26,2016-01-27,Hassan,3,1,4,0,0,2,0,0,48,0,22
27,2016-01-28,Hassan,3,1,4,0,0,2,0,0,48,0,23
28,2016-01-29,Hassan,3,1,4,0,0,2,0,0,48,0,23
29,2016-01-30,Hassan,3,1,4,0,0,2,0,0,48,0,23
30,2016-01-31,Hassan,3,1,4,0,0,2,0,0,48,0,23
31,2016-02-01,Hassan,3,1,4,0,0,2,0,0,48,0,23
32,2016-02-02,Hassan,3,1,4,0,0,2,0,0,48,0,23
33,2016-02-03,Hassan,3,1,4,0,0,2,0,0,48,0,23
34,2016-02-04,Hassan,3,1,4,0,0,2,0,0,48,0,23
35,2016-02-05,Hassan,3,1,4,0,0,2,0,0,48,0,23
36,2016-02-06,Hassan,3,1,3,0,0,2,0,0,48,0,23
37,2016-02-07,Hassan,3,1,3,0,0,2,0,0,47,0,23
38,2016-02-08,Hassan,3,1,3,0,0,2,0,0,47,0,23
39,2016-02-09,Hassan,3,1,3,0,0,2,0,0,47,0,23
40,2016-02-10,Hassan,3,1,3,0,0,2,0,0,47,0,23
41,2016-02-11,Hassan,3,1,3,0,0,2,0,0,47,0,23
42,2016-02-12,Hassan,3,1,3,0,0,2,0,0,47,0,23
43,2016-02-13,Hassan,3,1,3,0,0,2,0,0,47,0,23
44,2016-02-14,Hassan,3,1,3,0,0,2,0,0,47,0,23
45,2016-02-15,Hassan,3,1,3,0,0,2,0,0,47,0,23
46,2016-02-16,Hassan,3,1,3,0,0,2,0,0,46,0,23
47,2016-02-17,Hassan,3,1,3,0,0,2,0,0,46,0,23
48,2016-02-18,Hassan,3,1,3,0,0,2,0,0,46,0,23
49,2016-02-19,Hassan,3,1,3,0,0,2,0,0,46,0,23
50,2016-02-20,Hassan,3,1,3,0,0,2,0,0,46,0,23
51,2016-02-21,Hassan,3,1,3,0,0,2,0,0,46,0,23
52,2016-02-22,Hassan,3,1,3,0,0,2,0,0,45,0,23
53,2016-02-23,Hassan,3,1,3,0,0,2,0,0,45,0,23
54,2016-02-24,Hassan,3,1,3,0,0,2,0,0,45,0,23
55,2016-02-25,Hassan,3,1,3,0,0,2,0,0,45,0,23
56,2016-02-26,Hassan,3,1,3,0,0,2,0,0,45,0,23
57,2016-02-27,Hassan,3,1,3,0,0,2,0,0,45,0,23
58,2016-02-28,Hassan,3,1,3,0,0,2,0,0,45,0,23
59,2016-02-29,Hassan,3,1,3,0,0,2,0,0,45,0,23
60,2016-03-01,Hassan,3,1,3,0,0,2,0,0,45,0,23
61,2016-03-02,Hassan,3,1,3,0,0,2,0,0,45,0,23
62,2016-03-03,Hassan,3,1,3,0,0,3,0,0,45,0,23
63,2016-03-04,Hassan,3,1,3,0,0,3,0,0,45,0,23
64,2016-03-05,Hassan,3,1,3,0,0,3,0,0,45,0,23
65,2016-03-06,Hassan,3,1,3,0,0,3,0,0,45,0,23
66,2016-03-07,Hassan,3,1,3,0,0,3,0,0,45,0,23
67,2016-03-08,Hassan,3,1,3,0,0,3,0,0,45,0,23
68,2016-03-09,Hassan,3,1,3,0,0,3,0,0,45,0,24
69,2016-03-10,Hassan,3,1,3,0,0,3,0,0,46,0,24
70,2016-03-11,Hassan,3,1,3,0,0,3,0,0,46,0,24
71,2016-03-12,Hassan,3,1,3,0,0,3,0,0,46,0,24
72,2016-03-13,Hassan,3,1,3,0,0,3,0,0,47,0,24
73,2016-03-14,Hassan,3,1,3,0,0,3,0,0,47,0,24
74,2016-03-15,Hassan,3,1,3,0,0,3,0,0,48,0,25
75,2016-03-16,Hassan,3,1,3,0,0,3,0,0,48,0,25
76,2016-03-17,Hassan,3,1,3,0,0,3,0,0,49,0,25
77,2016-03-18,Hassan,3,1,3,0,0,3,0,0,50,0,25
78,2016-03-19,Hassan,3,1,3,0,0,3,0,0,50,0,26
79,2016-03-20,Hassan,3,1,3,0,0,3,0,0,51,0,26
80,2016-03-21,Hassan,3,1,3,0,0,3,0,0,52,0,26
81,2016-03-22,Hassan,3,1,3,0,0,3,0,0,53,0,26
82,2016-03-23,Hassan,3,1,4,0,0,3,0,0,53,0,27
83,2016-03-24,Hassan,3,1,4,0,0,3,0,0,54,0,27
84,2016-03-25,Hassan,3,1,4,0,0,3,0,0,55,0,27
85,2016-03-26,Hassan,3,1,4,0,0,3,0,0,56,0,27
86,2016-03-27,Hassan,3,1,4,0,0,2,0,0,57,0,28
87,2016-03-28,Hassan,3,1,4,0,0,2,0,0,58,0,28
88,2016-03-29,Hassan,3,1,4,0,0,2,0,0,59,0,28
89,2016-03-30,Hassan,3,1,4,0,0,2,0,0,59,0,29
90,2016-03-31,Hassan,3,1,4,0,0,2,0,0,60,0,29
91,2016-04-01,Hassan,3,1,4,0,0,2,0,0,61,0,29
92,2016-04-02,Hassan,3,1,4,0,0,2,0,0,62,0,30
93,2016-04-03,Hassan,3,1,5,0,0,2,0,0,63,0,30
94,2016-04-04,Hassan,3,1,5,0,0,2,0,0,63,0,30
95,2016-04-05,Hassan,3,1,5,0,0,2,0,0,64,0,30
96,2016-04-06,Hassan,4,1,5,0,0,2,0,0,65,0,31
97,2016-04-07,Hassan,4,1,5,0,0,2,0,0,65,0,31
98,2016-04-08,Hassan,4,1,5,0,0,2,0,0,66,0,31
99,2016-04-09,Hassan,4,1,5,0,0,2,0,0,66,0,31
100,2016-04-10,Hassan,4,1,5,0,0,2,0,0,67,0,31
101,2016-04-11,Hassan,4,1,5,0,0,1,0,0,67,0,31
102,2016-04-12,Hassan,4,1,5,0,0,1,0,0,67,0,32
103,2016-04-13,Hassan,4,1,5,0,0,1,0,0,68,0,32
104,2016-04-14,Hassan,4,1,5,0,0,1,0,0,68,0,32
105,2016-04-15,Hassan,4,1,5,0,0,1,0,0,68,0,32
106,2016-04-16,Hassan,4,1,5,0,0,1,0,0,68,0,32
107,2016-04-17,Hassan,4,1,5,0,0,1,0,0,68,0,32
108,2016-04-18,Hassan,4,1,5,0,0,1,0,0,68,0,32
109,2016-04-19,Hassan,4,1,5,0,0,1,0,0,67,0,32
110,2016-04-20,Hassan,4,1,5,0,0,1,0,0,67,0,32
111,2016-04-21,Hassan,4,1,5,0,0,1,0,0,67,0,32
112,2016-04-22,Hassan,4,1,5,0,0,1,0,0,66,0,32
113,2016-04-23,Hassan,4,1,5,0,0,1,0,0,66,0,32
114,2016-04-24,Hassan,4,1,5,0,0,1,0,0,65,0,32
115,2016-04-25,Hassan,4,1,5,0,0,1,0,0,64,0,31
116,2016-04-26,Hassan,4,1,5,0,0,1,0,0,64,0,31
117,2016-04-27,Hassan,4,1,5,0,0,1,0,0,63,0,31
118,2016-04-28,Hassan,4,1,5,0,0,1,0,0,62,0,31
119,2016-04-29,Hassan,5,1,5,0,0,1,0,0,62,0,31
120,2016-04-30,Hassan,5,1,5,0,0,1,0,0,61,0,31
121,2016-05-01,Hassan,5,1,5,0,0,1,0,0,60,0,30
122,2016-05-02,Hassan,5,1,5,0,0,1,0,0,59,0,30
123,2016-05-03,Hassan,5,1,5,0,0,1,0,0,58,0,30
124,2016-05-04,Hassan,5,1,5,0,0,1,0,0,57,0,30
125,2016-05-05,Hassan,5,1,5,0,0,1,0,0,57,0,30
126,2016-05-06,Hassan,5,1,5,0,0,1,0,0,56,0,29
127,2016-05-07,Hassan,5,1,5,0,0,1,0,0,55,0,29
128,2016-05-08,Hassan,5,1,5,0,0,1,0,0,54,0,29
129,2016-05-09,Hassan,5,1,5,0,0,1,0,0,53,0,29
130,2016-05-10,Hassan,5,1,5,0,0,2,0,0,52,0,28
131,2016-05-11,Hassan,5,1,5,0,1,2,0,0,52,0,28
132,2016-05-12,Hassan,5,1,5,0,1,2,0,0,51,0,28
133,2016-05-13,Hassan,5,1,5,0,1,2,0,0,50,0,28
134,2016-05-14,Hassan,5,1,5,0,1,2,0,0,49,0,27
135,2016-05-15,Hassan,4,1,5,0,1,2,0,0,49,0,27
136,2016-05-16,Hassan,4,1,5,0,1,2,0,0,48,0,27
137,2016-05-17,Hassan,4,1,5,0,1,2,0,0,47,0,27
138,2016-05-18,Hassan,4,1,5,0,1,2,0,0,47,0,27
139,2016-05-19,Hassan,4,1,4,0,1,2,0,0,46,0,26
140,2016-05-20,Hassan,4,1,4,0,1,2,0,0,46,0,26
141,2016-05-21,Hassan,4,1,4,0,1,2,0,0,45,1,26
142,2016-05-22,Hassan,4,1,4,0,1,2,0,0,45,1,26
143,2016-05-23,Hassan,4,1,4,0,1,2,0,0,45,1,26
144,2016-05-24,Hassan,4,1,4,0,1,2,0,0,44,1,26
145,2016-05-25,Hassan,4,1,4,0,1,2,0,0,44,1,25
146,2016-05-26,Hassan,4,1,4,0,1,2,0,0,44,1,25
147,2016-05-27,Hassan,4,1,4,0,1,2,0,0,44,1,25
148,2016-05-28,Hassan,4,1,4,0,1,2,0,0,43,1,25
149,2016-05-29,Hassan,4,1,4,0,1,2,0,0,43,1,25
150,2016-05-30,Hassan,4,1,4,0,1,2,0,0,43,1,25
151,2016-05-31,Hassan,4,1,4,0,1,2,0,0,43,1,24
152,2016-06-01,Hassan,4,1,4,0,2,2,0,0,43,1,24
153,2016-06-02,Hassan,4,1,4,0,2,2,0,0,42,1,24
154,2016-06-03,Hassan,3,1,4,0,2,2,0,0,42,1,24
155,2016-06-04,Hassan,3,1,4,0,2,2,0,0,42,1,24
156,2016-06-05,Hassan,3,1,4,0,2,2,0,0,42,1,24
157,2016-06-06,Hassan,3,1,4,0,2,2,0,0,42,1,24
158,2016-06-07,Hassan,3,1,4,0,2,2,0,0,42,1,23
159,2016-06-08,Hassan,3,1,4,0,2,2,0,0,42,1,23
160,2016-06-09,Hassan,3,1,4,0,2,2,0,0,42,1,23
161,2016-06-10,Hassan,3,1,4,0,2,2,0,0,42,1,23
162,2016-06-11,Hassan,3,1,4,0,2,2,0,0,42,1,23
163,2016-06-12,Hassan,3,1,4,0,2,2,0,0,42,1,23
164,2016-06-13,Hassan,3,1,4,0,2,2,0,0,42,1,22
165,2016-06-14,Hassan,3,1,4,0,2,2,0,0,42,1,22
166,2016-06-15,Hassan,3,1,4,0,2,2,0,0,42,1,22
167,2016-06-16,Hassan,3,1,4,0,2,2,0,0,42,1,22
168,2016-06-17,Hassan,3,1,4,0,2,2,0,0,42,1,22
169,2016-06-18,Hassan,3,1,4,0,2,2,0,0,42,1,22
170,2016-06-19,Hassan,3,1,4,0,2,2,0,0,42,1,21
171,2016-06-20,Hassan,3,1,4,0,2,2,0,0,41,1,21
172,2016-06-21,Hassan,3,1,4,0,2,2,0,0,41,1,21
173,2016-06-22,Hassan,3,1,4,0,2,2,0,0,41,1,21
174,2016-06-23,Hassan,3,1,4,0,2,2,0,0,41,1,21
175,2016-06-24,Hassan,3,1,4,0,2,2,0,0,41,1,20
176,2016-06-25,Hassan,3,1,4,0,2,2,0,0,41,1,20
177,2016-06-26,Hassan,3,1,4,0,2,2,0,0,41,1,20
178,2016-06-27,Hassan,3,1,4,0,2,2,0,0,41,1,20
179,2016-06-28,Hassan,3,1,4,0,2,2,0,0,41,1,20
180,2016-06-29,Hassan,3,1,4,0,2,2,0,0,41,1,19
181,2016-06-30,Hassan,3,1,4,0,2,2,0,0,41,1,19
182,2016-07-01,Hassan,3,1,4,0,2,2,0,0,41,1,19
183,2016-07-02,Hassan,3,1,4,0,2,2,0,0,41,1,19
184,2016-07-03,Hassan,3,1,4,0,2,2,0,0,41,1,19
185,2016-07-04,Hassan,3,1,4,0,2,2,0,0,41,1,19
186,2016-07-05,Hassan,3,1,5,0,2,2,0,0,41,1,19
187,2016-07-06,Hassan,3,1,5,0,2,2,0,0,40,1,19
188,2016-07-07,Hassan,3,1,5,0,2,2,0,0,40,1,19
189,2016-07-08,Hassan,3,1,5,0,2,2,0,0,40,1,18
190,2016-07-09,Hassan,3,1,5,0,2,2,0,0,40,1,18
191,2016-07-10,Hassan,3,1,5,0,2,2,0,0,40,1,18
192,2016-07-11,Hassan,3,1,5,0,2,2,0,0,40,1,18
193,2016-07-12,Hassan,3,1,5,0,2,2,0,0,40,1,18
194,2016-07-13,Hassan,3,1,5,0,2,2,0,0,40,1,18
195,2016-07-14,Hassan,3,1,5,0,2,2,0,0,40,1,19
196,2016-07-15,Hassan,3,1,5,0,2,2,0,0,40,1,19
197,2016-07-16,Hassan,3,1,5,0,2,2,0,0,40,1,19
198,2016-07-17,Hassan,3,1,5,0,2,2,0,0,40,1,19
199,2016-07-18,Hassan,3,1,5,0,2,2,0,0,40,1,19
200,2016-07-19,Hassan,3,1,5,0,2,2,0,0,40,1,19
201,2016-07-20,Hassan,3,1,5,0,2,1,0,0,40,1,19
202,2016-07-21,Hassan,2,1,5,0,2,1,0,0,40,1,19
203,2016-07-22,Hassan,2,1,5,0,2,1,0,0,40,1,20
204,2016-07-23,Hassan,2,1,5,0,2,1,0,0,40,1,20
205,2016-07-24,Hassan,2,1,6,0,2,1,0,0,40,1,20
206,2016-07-25,Hassan,2,1,6,0,2,1,0,0,40,1,20
207,2016-07-26,Hassan,2,1,6,0,2,1,0,0,40,0,21
208,2016-07-27,Hassan,2,1,6,0,2,1,0,0,40,0,21
209,2016-07-28,Hassan,2,1,6,0,2,1,0,0,40,0,21
210,2016-07-29,Hassan,2,1,6,0,2,1,0,0,40,0,21
211,2016-07-30,Hassan,2,1,6,0,2,1,0,0,40,0,22
212,2016-07-31,Hassan,2,1,6,0,2,1,0,0,40,0,22
213,2016-08-01,Hassan,2,1,6,0,2,1,0,0,40,0,22
214,2016-08-02,Hassan,2,1,6,0,2,1,0,0,40,0,22
215,2016-08-03,Hassan,2,1,6,0,2,1,0,0,40,0,23
216,2016-08-04,Hassan,2,1,6,0,2,1,0,0,40,0,23
217,2016-08-05,Hassan,2,1,6,0,2,1,0,0,40,0,23
218,2016-08-06,Hassan,2,1,6,0,2,1,0,0,40,0,23
219,2016-08-07,Hassan,2,1,6,0,2,1,0,0,40,0,23
220,2016-08-08,Hassan,2,1,6,0,2,1,0,0,40,0,24
221,2016-08-09,Hassan,2,1,6,0,2,1,0,0,40,0,24
222,2016-08-10,Hassan,2,1,7,0,2,1,0,0,40,0,24
223,2016-08-11,Hassan,2,1,7,0,2,1,0,0,40,0,24
224,2016-08-12,Hassan,2,1,7,0,2,1,0,0,40,0,24
225,2016-08-13,Hassan,2,1,7,0,2,1,0,0,40,0,24
226,2016-08-14,Hassan,2,1,7,0,2,1,0,0,40,0,25
227,2016-08-15,Hassan,2,1,7,0,2,2,0,0,40,0,25
228,2016-08-16,Hassan,2,1,7,0,2,2,0,0,40,0,25
229,2016-08-17,Hassan,2,1,7,0,2,2,0,0,40,0,25
230,2016-08-18,Hassan,2,0,7,0,2,2,0,0,40,0,25
231,2016-08-19,Hassan,2,0,7,0,2,2,0,0,40,0,25
232,2016-08-20,Hassan,2,0,7,0,2,2,0,0,41,0,25
233,2016-08-21,Hassan,2,0,7,0,2,2,0,0,41,0,25
234,2016-08-22,Hassan,2,0,7,0,2,2,0,0,41,0,25
235,2016-08-23,Hassan,2,0,7,0,2,2,0,0,41,0,25
236,2016-08-24,Hassan,2,0,7,0,2,2,0,0,41,0,24
237,2016-08-25,Hassan,2,0,7,0,2,2,0,0,41,0,24
238,2016-08-26,Hassan,2,0,7,0,2,2,0,0,41,0,24
239,2016-08-27,Hassan,2,0,7,0,2,2,0,0,41,0,24
240,2016-08-28,Hassan,2,0,7,0,2,2,0,0,41,0,24
241,2016-08-29,Hassan,2,1,7,0,1,2,0,0,41,0,24
242,2016-08-30,Hassan,2,1,7,0,1,2,0,0,41,0,24
243,2016-08-31,Hassan,2,1,7,0,1,2,0,0,41,0,24
244,2016-09-01,Hassan,2,1,7,0,1,2,0,0,41,0,23
245,2016-09-02,Hassan,2,1,7,0,1,2,0,0,41,0,23
246,2016-09-03,Hassan,2,1,7,0,1,2,0,0,41,0,23
247,2016-09-04,Hassan,2,1,7,0,1,2,0,0,41,0,23
248,2016-09-05,Hassan,2,1,7,0,1,2,0,0,40,0,23
249,2016-09-06,Hassan,2,1,7,0,1,2,0,0,40,0,23
250,2016-09-07,Hassan,2,1,7,0,1,2,0,0,40,0,23
251,2016-09-08,Hassan,2,1,7,0,1,2,0,0,40,0,23
252,2016-09-09,Hassan,2,1,7,0,1,2,0,0,40,0,22
253,2016-09-10,Hassan,2,1,7,0,1,2,0,0,40,0,22
254,2016-09-11,Hassan,2,1,7,0,1,2,0,0,39,0,22
255,2016-09-12,Hassan,2,1,7,0,1,2,0,0,39,0,22
256,2016-09-13,Hassan,2,1,7,0,1,2,0,0,39,0,22
257,2016-09-14,Hassan,2,1,7,0,1,2,0,0,38,0,22
258,2016-09-15,Hassan,2,1,7,0,1,2,0,0,38,0,22
259,2016-09-16,Hassan,2,1,7,0,1,2,0,0,37,0,22
260,2016-09-17,Hassan,2,1,7,0,1,2,0,0,37,0,22
261,2016-09-18,Hassan,2,1,7,0,1,2,0,0,36,0,22
262,2016-09-19,Hassan,2,1,7,0,1,2,0,0,36,0,22
263,2016-09-20,Hassan,2,1,7,0,1,2,0,0,35,0,22
264,2016-09-21,Hassan,2,1,6,0,1,2,0,0,35,0,22
265,2016-09-22,Hassan,2,1,6,0,1,2,0,0,34,0,22
266,2016-09-23,Hassan,2,1,6,0,1,2,0,0,34,0,22
267,2016-09-24,Hassan,2,1,6,0,1,2,0,0,33,0,22
268,2016-09-25,Hassan,2,1,6,0,1,2,0,0,33,0,23
269,2016-09-26,Hassan,2,1,6,0,1,2,0,0,32,0,23
270,2016-09-27,Hassan,2,1,6,0,1,2,0,0,31,0,23
271,2016-09-28,Hassan,2,1,6,0,1,2,0,0,31,0,23
272,2016-09-29,Hassan,2,1,6,0,1,2,0,0,30,0,23
273,2016-09-30,Hassan,2,1,6,0,1,2,0,0,30,0,23
274,2016-10-01,Hassan,2,1,6,0,1,2,0,0,29,0,23
275,2016-10-02,Hassan,2,1,6,0,1,2,0,0,29,0,23
276,2016-10-03,Hassan,2,1,6,0,1,2,0,0,28,0,24
277,2016-10-04,Hassan,2,1,6,0,1,2,0,0,27,0,24
278,2016-10-05,Hassan,2,1,6,0,1,2,0,0,27,0,24
279,2016-10-06,Hassan,2,1,6,0,1,1,0,0,27,0,24
280,2016-10-07,Hassan,2,1,6,0,1,1,0,0,26,0,24
281,2016-10-08,Hassan,2,1,6,0,1,1,0,0,26,0,24
282,2016-10-09,Hassan,2,1,5,0,1,1,0,0,26,0,24
283,2016-10-10,Hassan,2,1,5,0,1,1,0,0,25,0,24
284,2016-10-11,Hassan,2,1,5,0,1,1,0,0,25,0,25
285,2016-10-12,Hassan,2,1,5,0,1,1,0,0,25,0,25
286,2016-10-13,Hassan,2,1,5,0,1,1,0,0,25,0,25
287,2016-10-14,Hassan,2,1,5,0,1,1,0,0,25,0,25
288,2016-10-15,Hassan,2,1,5,0,1,1,0,0,25,0,25
289,2016-10-16,Hassan,2,1,5,0,1,1,0,0,25,0,25
290,2016-10-17,Hassan,2,1,5,0,0,1,0,0,25,0,25
291,2016-10-18,Hassan,2,1,5,0,0,1,0,0,25,0,25
292,2016-10-19,Hassan,2,1,5,0,0,1,0,0,25,0,25
293,2016-10-20,Hassan,2,1,5,0,0,1,0,0,26,0,25
294,2016-10-21,Hassan,2,1,5,0,0,1,0,0,26,0,25
295,2016-10-22,Hassan,2,1,5,0,0,1,0,0,26,0,25
296,2016-10-23,Hassan,2,1,4,0,0,1,0,0,27,0,25
297,2016-10-24,Hassan,2,1,4,0,0,1,0,0,27,0,25
298,2016-10-25,Hassan,2,1,4,0,0,1,0,0,28,0,25
299,2016-10-26,Hassan,2,1,4,0,0,1,0,0,28,0,25
300,2016-10-27,Hassan,2,1,4,0,0,1,0,0,29,0,25
301,2016-10-28,Hassan,2,1,4,0,0,1,0,0,29,0,25
302,2016-10-29,Hassan,2,1,4,0,0,1,0,0,30,0,25
303,2016-10-30,Hassan,2,1,4,0,0,1,0,0,30,0,25
304,2016-10-31,Hassan,2,1,4,0,0,1,0,0,31,0,25
305,2016-11-01,Hassan,2,1,4,0,0,1,0,0,32,0,25
306,2016-11-02,Hassan,2,1,4,0,0,1,0,0,32,0,25
307,2016-11-03,Hassan,2,1,4,0,0,1,0,0,33,0,25
308,2016-11-04,Hassan,2,1,4,0,0,1,0,0,34,0,25
309,2016-11-05,Hassan,2,1,4,0,0,1,0,0,34,0,25
310,2016-11-06,Hassan,2,1,4,0,0,1,0,0,35,0,25
311,2016-11-07,Hassan,2,1,4,0,0,1,0,0,36,0,25
312,2016-11-08,Hassan,2,1,4,0,0,1,0,0,36,0,24
313,2016-11-09,Hassan,2,1,4,0,0,1,0,0,37,0,24
314,2016-11-10,Hassan,2,1,4,0,0,1,0,0,37,0,24
315,2016-11-11,Hassan,2,1,4,0,0,2,0,0,38,0,24
316,2016-11-12,Hassan,2,1,4,0,0,2,0,0,39,0,24
317,2016-11-13,Hassan,2,1,4,0,0,2,0,0,39,0,24
318,2016-11-14,Hassan,2,1,4,0,0,2,0,0,40,0,24
319,2016-11-15,Hassan,2,1,4,0,0,2,0,0,40,0,23
320,2016-11-16,Hassan,2,1,4,0,0,2,0,0,40,0,23
321,2016-11-17,Hassan,2,1,4,0,0,2,0,0,41,0,23
322,2016-11-18,Hassan,2,1,4,0,0,2,0,0,41,0,23
323,2016-11-19,Hassan,2,1,4,0,0,2,0,0,42,0,23
324,2016-11-20,Hassan,2,1,4,0,0,2,0,0,42,0,22
325,2016-11-21,Hassan,2,1,4,0,0,2,0,0,42,0,22
326,2016-11-22,Hassan,2,1,4,0,0,2,0,0,42,0,22
327,2016-11-23,Hassan,2,1,4,0,0,2,0,0,43,0,22
328,2016-11-24,Hassan,2,1,4,0,0,2,0,0,43,0,21
329,2016-11-25,Hassan,2,1,4,0,0,2,0,0,43,0,21
330,2016-11-26,Hassan,2,1,4,0,0,2,0,0,43,0,21
331,2016-11-27,Hassan,2,1,4,0,0,2,0,0,43,0,21
332,2016-11-28,Hassan,2,1,5,0,0,2,0,0,43,0,20
333,2016-11-29,Hassan,2,1,5,0,0,2,0,0,43,0,20
334,2016-11-30,Hassan,2,1,5,0,0,2,0,0,43,0,20
335,2016-12-01,Hassan,2,1,5,0,0,2,0,0,43,0,20
336,2016-12-02,Hassan,2,1,5,0,0,2,0,0,43,0,20
337,2016-12-03,Hassan,2,1,5,0,0,2,0,0,43,0,20
338,2016-12-04,Hassan,2,1,5,0,0,2,0,0,43,0,19
339,2016-12-05,Hassan,2,1,5,0,0,2,0,0,43,0,19
340,2016-12-06,Hassan,2,1,5,0,0,3,0,0,43,0,19
341,2016-12-07,Hassan,2,1,5,0,0,3,0,0,43,0,19
342,2016-12-08,Hassan,2,1,5,0,0,3,0,0,43,0,19
343,2016-12-09,Hassan,2,1,5,0,0,3,0,0,43,0,19
344,2016-12-10,Hassan,2,1,5,0,0,3,0,0,43,0,19
345,2016-12-11,Hassan,2,1,5,0,0,3,0,0,43,0,19
346,2016-12-12,Hassan,2,1,5,0,0,3,0,0,43,0,19
347,2016-12-13,Hassan,2,1,5,0,0,3,0,0,43,0,18
348,2016-12-14,Hassan,2,1,5,0,0,3,0,0,43,0,18
349,2016-12-15,Hassan,2,1,5,0,0,3,0,0,43,0,19
350,2016-12-16,Hassan,2,1,5,0,0,3,0,0,43,0,19
351,2016-12-17,Hassan,2,1,5,0,0,3,0,0,43,0,19
352,2016-12-18,Hassan,2,1,5,0,0,2,0,0,43,0,19
353,2016-12-19,Hassan,2,1,5,0,0,2,0,0,43,0,19
354,2016-12-20,Hassan,2,1,5,0,0,2,0,0,43,0,19
355,2016-12-21,Hassan,2,1,5,0,0,2,0,0,43,0,19
356,2016-12-22,Hassan,2,1,5,0,0,2,0,0,43,0,19
357,2016-12-23,Hassan,2,1,5,0,0,2,0,0,43,0,19
358,2016-12-24,Hassan,2,1,5,0,0,2,0,0,43,0,20
359,2016-12-25,Hassan,2,1,5,0,0,2,0,0,43,0,20
360,2016-12-26,Hassan,2,1,4,0,0,2,0,0,43,0,20
361,2016-12-27,Hassan,2,1,4,0,0,2,0,0,43,0,20
362,2016-12-28,Hassan,2,1,4,0,0,2,0,0,43,0,21
363,2016-12-29,Hassan,2,1,4,0,0,2,0,0,43,0,21
364,2016-12-30,Hassan,2,1,4,0,0,2,0,0,44,0,21
365,2016-12-31,Hassan,2,1,4,0,0,2,0,0,44,0,21
366,2017-01-01,Hassan,2,1,4,0,0,2,0,0,44,0,22
367,2017-01-02,Hassan,2,1,4,0,0,2,0,0,44,0,22
368,2017-01-03,Hassan,2,1,4,0,0,2,0,0,44,0,22
369,2017-01-04,Hassan,2,1,3,0,0,2,0,0,44,0,22
370,2017-01-05,Hassan,2,1,3,0,0,2,0,0,44,0,23
371,2017-01-06,Hassan,2,1,3,0,0,2,0,0,44,0,23
372,2017-01-07,Hassan,2,1,3,0,0,2,0,0,44,0,23
373,2017-01-08,Hassan,2,1,3,0,0,2,0,0,44,0,23
374,2017-01-09,Hassan,2,1,3,0,0,2,0,0,44,0,24
375,2017-01-10,Hassan,2,1,3,0,0,2,0,0,44,0,24
376,2017-01-11,Hassan,2,1,3,0,0,2,0,0,44,0,24
377,2017-01-12,Hassan,2,1,3,0,0,2,0,0,44,0,24
378,2017-01-13,Hassan,2,1,3,0,0,2,0,0,44,0,25
379,2017-01-14,Hassan,2,1,3,0,0,2,0,0,44,0,25
380,2017-01-15,Hassan,2,1,2,0,0,2,0,0,44,0,25
381,2017-01-16,Hassan,2,1,2,0,0,2,0,0,44,0,25
382,2017-01-17,Hassan,2,1,2,0,0,2,0,0,44,0,25
383,2017-01-18,Hassan,2,1,2,0,0,2,0,0,44,0,26
384,2017-01-19,Hassan,2,1,2,0,0,2,0,0,44,0,26
385,2017-01-20,Hassan,2,1,2,0,0,2,0,0,45,0,26
386,2017-01-21,Hassan,2,1,2,0,0,2,0,0,45,0,26
387,2017-01-22,Hassan,2,1,2,0,0,2,0,0,45,0,26
388,2017-01-23,Hassan,2,1,2,0,0,2,0,0,45,0,26
389,2017-01-24,Hassan,2,1,2,0,0,2,0,0,45,0,26
390,2017-01-25,Hassan,2,1,2,0,0,2,0,0,45,0,26
391,2017-01-26,Hassan,2,1,3,0,0,2,0,0,45,0,26
392,2017-01-27,Hassan,2,1,3,0,0,2,0,0,45,0,27
393,2017-01-28,Hassan,2,1,3,0,0,2,0,0,45,0,27
394,2017-01-29,Hassan,2,1,3,0,0,2,0,0,45,0,27
395,2017-01-30,Hassan,2,1,3,0,0,2,0,0,45,0,27
396,2017-01-31,Hassan,2,1,3,0,0,3,0,0,45,0,27
397,2017-02-01,Hassan,2,1,3,0,0,3,0,0,45,0,27
398,2017-02-02,Hassan,2,1,3,0,0,3,0,0,45,0,27
399,2017-02-03,Hassan,2,1,3,0,0,3,0,0,45,0,27
400,2017-02-04,Hassan,2,1,3,0,0,3,0,0,45,0,27
401,2017-02-05,Hassan,2,1,3,0,0,3,0,0,45,0,27
402,2017-02-06,Hassan,2,1,3,0,0,3,0,0,45,0,27
403,2017-02-07,Hassan,2,1,3,0,0,3,0,0,45,0,27
404,2017-02-08,Hassan,2,1,3,0,0,3,0,0,45,0,27
405,2017-02-09,Hassan,2,1,3,0,0,3,0,0,45,0,27
406,2017-02-10,Hassan,2,1,3,0,0,3,0,0,45,0,27
407,2017-02-11,Hassan,2,1,3,0,0,3,0,0,45,0,27
408,2017-02-12,Hassan,2,1,3,0,0,3,0,0,45,0,27
409,2017-02-13,Hassan,2,1,3,0,0,3,0,0,45,0,27
410,2017-02-14,Hassan,2,1,3,0,0,3,0,0,45,0,27
411,2017-02-15,Hassan,2,1,4,0,0,3,0,0,46,0,27
412,2017-02-16,Hassan,2,1,4,0,0,3,0,0,46,0,27
413,2017-02-17,Hassan,2,1,4,0,0,3,0,0,46,0,27
414,2017-02-18,Hassan,2,1,4,0,0,3,0,0,46,0,27
415,2017-02-19,Hassan,2,1,4,0,0,3,0,0,46,0,27
416,2017-02-20,Hassan,2,1,4,0,0,3,0,0,46,0,27
417,2017-02-21,Hassan,2,1,4,0,0,3,0,0,46,0,27
418,2017-02-22,Hassan,2,1,4,0,0,3,0,0,47,0,27
419,2017-02-23,Hassan,2,1,4,0,0,3,0,0,47,0,27
420,2017-02-24,Hassan,2,1,4,0,0,3,0,0,47,0,27
421,2017-02-25,Hassan,2,1,3,0,0,3,0,0,47,0,27
422,2017-02-26,Hassan,2,1,3,0,0,3,0,0,47,0,27
423,2017-02-27,Hassan,2,1,3,0,0,3,0,0,47,0,27
424,2017-02-28,Hassan,2,1,3,0,0,3,0,0,48,0,27
425,2017-03-01,Hassan,2,1,3,0,0,3,0,0,48,0,27
426,2017-03-02,Hassan,2,1,3,0,0,3,0,0,48,0,27
427,2017-03-03,Hassan,2,1,3,0,0,3,0,0,48,0,27
428,2017-03-04,Hassan,2,1,3,0,0,2,0,0,48,0,27
429,2017-03-05,Hassan,2,1,3,0,0,2,0,0,49,0,28
430,2017-03-06,Hassan,2,1,3,0,0,2,0,0,49,0,28
431,2017-03-07,Hassan,2,1,3,0,0,2,0,0,49,0,28
432,2017-03-08,Hassan,2,1,3,0,0,2,0,0,49,0,28
433,2017-03-09,Hassan,2,1,3,0,0,2,0,0,49,0,28
434,2017-03-10,Hassan,2,1,3,0,0,2,0,0,49,0,28
435,2017-03-11,Hassan,2,1,3,0,0,2,0,0,49,0,28
436,2017-03-12,Hassan,2,1,3,0,0,2,0,0,50,0,28
437,2017-03-13,Hassan,2,1,3,0,0,2,0,0,50,0,29
438,2017-03-14,Hassan,2,1,3,0,0,2,0,0,50,0,29
439,2017-03-15,Hassan,2,1,3,0,0,2,0,0,50,0,29
440,2017-03-16,Hassan,2,1,3,0,0,2,0,0,50,0,29
441,2017-03-17,Hassan,2,1,3,0,0,2,0,0,50,0,29
442,2017-03-18,Hassan,2,1,3,0,0,2,0,0,50,0,30
443,2017-03-19,Hassan,2,1,3,0,0,2,0,0,50,0,30
444,2017-03-20,Hassan,2,1,3,0,0,2,0,0,50,0,30
445,2017-03-21,Hassan,2,1,3,0,0,2,0,0,50,0,30
446,2017-03-22,Hassan,2,1,3,0,0,2,0,0,51,0,31
447,2017-03-23,Hassan,2,1,3,0,0,2,0,0,51,0,31
448,2017-03-24,Hassan,2,1,3,0,0,2,0,0,51,0,31
449,2017-03-25,Hassan,2,1,3,0,0,2,0,0,51,0,31
450,2017-03-26,Hassan,2,1,3,0,0,2,0,0,51,0,32
451,2017-03-27,Hassan,2,1,3,0,0,2,0,0,51,0,32
452,2017-03-28,Hassan,2,1,3,0,0,2,0,0,51,0,32
453,2017-03-29,Hassan,2,1,3,0,0,2,0,0,51,0,32
454,2017-03-30,Hassan,2,1,3,0,0,2,0,0,51,0,33
455,2017-03-31,Hassan,2,1,3,0,0,2,0,0,51,0,33
456,2017-04-01,Hassan,2,1,3,0,0,2,0,0,51,0,33
457,2017-04-02,Hassan,2,1,3,0,0,2,0,0,51,0,33
458,2017-04-03,Hassan,2,1,3,0,0,2,0,0,51,0,34
459,2017-04-04,Hassan,2,1,3,0,0,2,0,0,50,0,34
460,2017-04-05,Hassan,2,1,3,0,0,2,0,0,50,0,34
461,2017-04-06,Hassan,2,1,3,0,0,2,0,0,50,0,34
462,2017-04-07,Hassan,2,1,3,0,0,2,0,0,50,0,34
463,2017-04-08,Hassan,2,1,3,0,0,2,0,0,50,0,34
464,2017-04-09,Hassan,2,1,4,0,0,2,0,0,50,0,35
465,2017-04-10,Hassan,2,1,4,0,0,2,0,0,50,0,35
466,2017-04-11,Hassan,2,1,4,0,0,2,0,0,50,0,35
467,2017-04-12,Hassan,2,1,4,0,0,2,0,0,50,0,35
468,2017-04-13,Hassan,2,1,4,0,0,2,0,0,50,0,35
469,2017-04-14,Hassan,2,1,4,0,0,2,0,0,50,0,35
470,2017-04-15,Hassan,2,1,4,0,0,2,0,0,50,0,35
471,2017-04-16,Hassan,2,1,4,0,0,2,0,0,50,0,35
472,2017-04-17,Hassan,2,1,4,0,0,2,0,0,50,0,35
473,2017-04-18,Hassan,2,1,4,0,0,2,0,0,49,0,35
474,2017-04-19,Hassan,2,1,4,0,0,2,0,0,49,0,35
475,2017-04-20,Hassan,2,1,3,0,0,2,0,0,49,0,35
476,2017-04-21,Hassan,2,1,3,0,0,2,0,0,49,0,35
477,2017-04-22,Hassan,2,1,3,0,0,2,0,0,49,0,34
478,2017-04-23,Hassan,2,1,3,0,0,2,0,0,49,0,34
479,2017-04-24,Hassan,2,1,3,0,0,2,0,0,49,0,34
480,2017-04-25,Hassan,2,1,3,0,0,2,0,0,49,0,34
481,2017-04-26,Hassan,2,1,3,0,0,2,0,0,49,0,34
482,2017-04-27,Hassan,2,1,3,0,0,2,0,0,49,0,34
483,2017-04-28,Hassan,2,1,3,0,0,2,0,0,49,0,33
484,2017-04-29,Hassan,2,1,3,0,0,2,0,0,49,0,33
485,2017-04-30,Hassan,2,1,3,0,0,2,0,0,48,0,33
486,2017-05-01,Hassan,2,1,3,0,0,2,0,0,48,0,33
487,2017-05-02,Hassan,2,1,3,0,0,2,0,0,48,0,32
488,2017-05-03,Hassan,2,1,3,0,0,2,0,0,48,0,32
489,2017-05-04,Hassan,2,1,3,0,0,2,0,0,48,0,32
490,2017-05-05,Hassan,2,1,3,0,0,2,0,0,48,0,32
491,2017-05-06,Hassan,1,1,3,0,0,2,0,0,48,0,31
492,2017-05-07,Hassan,1,1,3,0,0,2,0,0,48,0,31
493,2017-05-08,Hassan,1,1,3,0,0,2,0,0,48,0,31
494,2017-05-09,Hassan,1,1,3,0,0,2,0,0,48,0,31
495,2017-05-10,Hassan,1,1,3,0,0,2,0,0,48,0,30
496,2017-05-11,Hassan,1,1,3,0,0,2,0,0,48,0,30
497,2017-05-12,Hassan,1,1,3,0,0,2,0,0,48,0,30
498,2017-05-13,Hassan,1,1,3,0,0,2,0,0,48,0,30
499,2017-05-14,Hassan,1,1,3,0,0,2,0,0,48,0,29
500,2017-05-15,Hassan,1,1,3,0,0,2,0,0,48,0,29
501,2017-05-16,Hassan,1,1,3,0,0,2,0,0,48,0,29
502,2017-05-17,Hassan,1,1,3,0,0,2,0,0,48,0,29
503,2017-05-18,Hassan,1,1,3,0,0,2,0,0,48,0,29
504,2017-05-19,Hassan,1,1,3,0,0,2,0,0,48,0,29
505,2017-05-20,Hassan,1,1,3,0,0,2,0,0,48,0,28
506,2017-05-21,Hassan,1,1,3,0,0,2,0,0,48,0,28
507,2017-05-22,Hassan,1,1,3,0,1,2,0,0,49,0,28
508,2017-05-23,Hassan,1,1,3,0,1,2,0,0,49,0,28
509,2017-05-24,Hassan,1,1,3,0,1,2,0,0,49,0,28
510,2017-05-25,Hassan,1,1,3,0,1,2,0,0,49,0,28
511,2017-05-26,Hassan,1,1,3,0,1,2,0,0,49,0,28
512,2017-05-27,Hassan,1,1,3,0,1,2,0,0,49,0,28
513,2017-05-28,Hassan,1,1,3,0,1,2,0,0,49,0,28
514,2017-05-29,Hassan,1,1,4,0,1,2,0,0,49,0,28
515,2017-05-30,Hassan,1,1,4,0,1,2,0,0,49,0,27
516,2017-05-31,Hassan,1,1,4,0,1,2,0,0,50,0,27
517,2017-06-01,Hassan,1,1,4,0,1,2,0,0,50,0,27
518,2017-06-02,Hassan,1,1,4,0,1,2,0,0,50,0,27
519,2017-06-03,Hassan,1,1,4,0,2,2,0,0,50,0,27
520,2017-06-04,Hassan,1,1,4,0,2,2,0,0,50,0,27
521,2017-06-05,Hassan,1,1,4,0,2,2,0,0,50,0,27
522,2017-06-06,Hassan,1,1,4,0,2,2,0,0,50,0,27
523,2017-06-07,Hassan,1,1,4,0,2,2,0,0,51,0,27
524,2017-06-08,Hassan,1,1,4,0,2,2,0,0,51,0,27
525,2017-06-09,Hassan,1,1,4,0,2,2,0,0,51,0,27
526,2017-06-10,Hassan,1,1,5,0,2,2,0,0,51,0,27
527,2017-06-11,Hassan,1,1,5,0,2,2,0,0,51,0,27
528,2017-06-12,Hassan,1,1,5,0,3,2,0,0,51,0,27
529,2017-06-13,Hassan,1,1,5,0,3,2,0,0,52,0,27
530,2017-06-14,Hassan,1,1,5,0,3,2,0,0,52,0,27
531,2017-06-15,Hassan,1,1,5,0,3,2,0,0,52,0,27
532,2017-06-16,Hassan,1,1,5,0,3,2,0,0,52,0,26
533,2017-06-17,Hassan,1,1,5,0,3,2,0,0,52,0,26
534,2017-06-18,Hassan,1,1,6,0,3,2,0,0,52,0,26
535,2017-06-19,Hassan,1,1,6,0,3,2,0,0,52,0,26
536,2017-06-20,Hassan,2,1,6,0,4,2,0,0,52,0,26
537,2017-06-21,Hassan,2,1,6,0,4,2,0,0,53,1,26
538,2017-06-22,Hassan,2,1,6,0,4,2,0,0,53,1,26
539,2017-06-23,Hassan,2,1,6,0,4,2,0,0,53,1,26
540,2017-06-24,Hassan,2,1,6,0,4,2,0,0,53,1,26
541,2017-06-25,Hassan,2,1,6,0,4,2,0,0,53,1,26
542,2017-06-26,Hassan,2,1,7,0,4,2,0,0,53,1,26
543,2017-06-27,Hassan,2,1,7,0,5,2,0,0,53,1,26
544,2017-06-28,Hassan,2,1,7,0,5,2,0,0,53,1,25
545,2017-06-29,Hassan,2,1,7,0,5,2,0,0,53,1,25
546,2017-06-30,Hassan,2,1,7,0,5,2,0,0,53,1,25
547,2017-07-01,Hassan,2,1,7,0,5,2,0,0,53,1,25
548,2017-07-02,Hassan,2,1,7,0,5,2,0,0,53,1,25
549,2017-07-03,Hassan,2,1,7,0,5,2,0,0,53,1,25
550,2017-07-04,Hassan,2,1,8,0,5,2,0,0,53,1,25
551,2017-07-05,Hassan,2,1,8,0,5,2,0,0,53,1,25
552,2017-07-06,Hassan,2,1,8,0,6,2,0,0,53,1,25
553,2017-07-07,Hassan,2,1,8,0,6,2,0,0,53,1,25
554,2017-07-08,Hassan,2,1,8,0,6,2,0,0,53,1,25
555,2017-07-09,Hassan,2,1,8,0,6,2,0,0,53,1,25
556,2017-07-10,Hassan,2,1,8,0,6,2,0,0,53,1,25
557,2017-07-11,Hassan,2,1,8,0,6,2,0,0,53,1,25
558,2017-07-12,Hassan,2,1,8,0,6,2,0,0,53,1,25
559,2017-07-13,Hassan,2,1,8,0,6,2,0,0,53,1,25
560,2017-07-14,Hassan,2,1,8,0,6,2,0,0,53,1,25
561,2017-07-15,Hassan,2,1,8,0,6,2,0,0,53,1,25
562,2017-07-16,Hassan,2,1,8,0,6,2,0,0,53,1,25
563,2017-07-17,Hassan,2,1,8,0,6,2,0,0,53,1,25
564,2017-07-18,Hassan,2,1,8,0,6,2,0,0,53,1,25
565,2017-07-19,Hassan,2,1,8,0,6,2,0,0,53,1,25
566,2017-07-20,Hassan,1,1,8,0,6,2,0,0,52,1,25
567,2017-07-21,Hassan,1,1,8,0,6,2,0,0,52,1,25
568,2017-07-22,Hassan,1,1,8,0,5,2,0,0,52,1,25
569,2017-07-23,Hassan,1,1,8,0,5,1,0,0,52,1,25
570,2017-07-24,Hassan,1,1,8,0,5,1,0,0,52,1,26
571,2017-07-25,Hassan,1,1,8,0,5,1,0,0,52,1,26
572,2017-07-26,Hassan,1,1,8,0,5,1,0,0,52,1,26
573,2017-07-27,Hassan,1,1,8,0,5,1,0,0,51,1,26
574,2017-07-28,Hassan,1,1,8,0,5,1,0,0,51,1,26
575,2017-07-29,Hassan,1,1,8,0,5,1,0,0,51,1,26
576,2017-07-30,Hassan,1,1,8,0,4,1,0,0,51,1,26
577,2017-07-31,Hassan,1,1,7,0,4,1,0,0,51,1,26
578,2017-08-01,Hassan,1,1,7,0,4,1,0,0,51,1,27
579,2017-08-02,Hassan,1,1,7,0,4,1,0,0,51,1,27
580,2017-08-03,Hassan,1,1,7,0,4,1,0,0,50,1,27
581,2017-08-04,Hassan,1,1,7,0,4,1,0,0,50,1,27
582,2017-08-05,Hassan,1,1,7,0,4,1,0,0,50,1,27
583,2017-08-06,Hassan,1,1,7,0,3,1,0,0,50,1,27
584,2017-08-07,Hassan,1,1,7,0,3,1,0,0,50,1,27
585,2017-08-08,Hassan,1,1,7,0,3,2,0,0,50,1,27
586,2017-08-09,Hassan,1,1,7,0,3,2,0,0,50,1,27
587,2017-08-10,Hassan,1,1,6,0,3,2,0,0,50,1,28
588,2017-08-11,Hassan,1,1,6,0,3,2,0,0,50,1,28
589,2017-08-12,Hassan,1,1,6,0,3,2,0,0,50,1,28
590,2017-08-13,Hassan,1,1,6,0,2,2,0,0,50,1,28
591,2017-08-14,Hassan,1,1,6,0,2,2,0,0,50,1,28
592,2017-08-15,Hassan,1,1,6,0,2,2,0,0,50,1,28
593,2017-08-16,Hassan,1,1,6,0,2,2,0,0,50,1,28
594,2017-08-17,Hassan,1,1,6,0,2,2,0,0,50,0,28
595,2017-08-18,Hassan,1,1,6,0,2,2,0,0,50,0,28
596,2017-08-19,Hassan,1,1,6,0,2,2,0,0,50,0,28
597,2017-08-20,Hassan,1,1,6,0,2,2,0,0,50,0,28
598,2017-08-21,Hassan,1,1,5,0,2,2,0,0,50,0,28
599,2017-08-22,Hassan,1,1,5,0,2,2,0,0,50,0,28
600,2017-08-23,Hassan,1,1,5,0,1,2,0,0,50,0,28
601,2017-08-24,Hassan,1,1,5,0,1,2,0,0,50,0,28
602,2017-08-25,Hassan,1,1,5,0,1,2,0,0,50,0,28
603,2017-08-26,Hassan,1,1,5,0,1,2,0,0,50,0,28
604,2017-08-27,Hassan,1,1,5,0,1,2,0,0,50,0,28
605,2017-08-28,Hassan,1,1,5,0,1,2,0,0,51,0,27
606,2017-08-29,Hassan,1,1,5,0,1,2,0,0,51,0,27
607,2017-08-30,Hassan,1,1,5,0,1,2,0,0,51,0,27
608,2017-08-31,Hassan,1,1,5,0,1,2,0,0,51,0,27
609,2017-09-01,Hassan,1,1,5,0,1,2,0,0,51,0,27
610,2017-09-02,Hassan,1,1,5,0,1,2,0,0,51,0,27
611,2017-09-03,Hassan,1,1,5,0,1,2,0,0,51,0,27
612,2017-09-04,Hassan,1,1,5,0,1,2,0,0,51,0,27
613,2017-09-05,Hassan,1,1,5,0,1,2,0,0,52,0,27
614,2017-09-06,Hassan,1,1,5,0,1,2,0,0,52,0,27
615,2017-09-07,Hassan,1,1,5,0,1,2,0,0,52,0,27
616,2017-09-08,Hassan,1,1,5,0,1,2,0,0,52,0,27
617,2017-09-09,Hassan,1,1,5,0,1,2,0,0,52,0,27
618,2017-09-10,Hassan,1,1,5,0,1,2,0,0,52,0,27
619,2017-09-11,Hassan,1,1,5,0,1,2,0,0,52,0,27
620,2017-09-12,Hassan,1,1,5,0,1,2,0,0,52,0,27
621,2017-09-13,Hassan,1,1,5,0,1,2,0,0,52,0,27
622,2017-09-14,Hassan,1,1,5,0,1,2,0,0,52,0,27
623,2017-09-15,Hassan,1,1,5,0,1,2,0,0,52,0,27
624,2017-09-16,Hassan,1,1,5,0,1,2,0,0,52,0,27
625,2017-09-17,Hassan,1,1,5,0,1,2,0,0,52,0,27
626,2017-09-18,Hassan,1,1,5,0,1,2,0,0,52,0,27
627,2017-09-19,Hassan,1,1,5,0,1,2,0,0,52,0,27
628,2017-09-20,Hassan,1,1,5,0,1,2,0,0,52,0,27
629,2017-09-21,Hassan,1,1,5,0,1,2,0,0,52,0,27
630,2017-09-22,Hassan,1,1,5,0,1,2,0,0,52,0,27
631,2017-09-23,Hassan,1,1,5,0,1,2,0,0,52,0,28
632,2017-09-24,Hassan,1,1,5,0,1,2,0,0,52,0,28
633,2017-09-25,Hassan,1,1,5,0,1,2,0,0,52,0,28
634,2017-09-26,Hassan,1,1,5,0,1,2,0,0,51,0,28
635,2017-09-27,Hassan,1,1,5,0,1,2,0,0,51,0,28
636,2017-09-28,Hassan,1,1,5,0,1,2,0,0,51,0,28
637,2017-09-29,Hassan,1,1,5,0,1,2,0,0,51,0,28
638,2017-09-30,Hassan,1,1,5,0,1,2,0,0,51,0,28
639,2017-10-01,Hassan,1,1,5,0,1,2,0,0,51,0,29
640,2017-10-02,Hassan,1,1,5,0,1,2,0,0,51,0,29
641,2017-10-03,Hassan,1,1,5,0,1,2,0,0,50,0,29
642,2017-10-04,Hassan,1,1,5,0,1,2,0,0,50,0,29
643,2017-10-05,Hassan,1,1,5,0,1,2,0,0,50,0,29
644,2017-10-06,Hassan,1,1,5,0,1,2,0,0,50,0,29
645,2017-10-07,Hassan,1,1,5,0,1,2,0,0,50,0,29
646,2017-10-08,Hassan,1,1,5,0,1,2,0,0,50,0,29
647,2017-10-09,Hassan,1,1,5,0,1,2,0,0,50,0,29
648,2017-10-10,Hassan,1,1,5,0,1,2,0,0,49,0,29
649,2017-10-11,Hassan,1,1,6,0,1,2,0,0,49,0,29
650,2017-10-12,Hassan,1,1,6,0,1,2,0,0,49,0,29
651,2017-10-13,Hassan,1,1,6,0,1,2,0,0,49,0,29
652,2017-10-14,Hassan,1,1,6,0,1,2,0,0,49,0,29
653,2017-10-15,Hassan,1,1,6,0,1,2,0,0,49,0,29
654,2017-10-16,Hassan,1,1,6,0,1,2,0,0,49,0,29
655,2017-10-17,Hassan,1,1,6,0,1,2,0,0,49,0,29
656,2017-10-18,Hassan,1,1,6,0,1,2,0,0,49,0,29
657,2017-10-19,Hassan,1,1,6,0,1,2,0,0,49,0,29
658,2017-10-20,Hassan,1,1,6,0,1,2,0,0,48,0,29
659,2017-10-21,Hassan,1,1,6,0,1,2,0,0,48,0,29
660,2017-10-22,Hassan,1,1,6,0,1,2,0,0,48,0,29
661,2017-10-23,Hassan,1,1,6,0,1,2,0,0,48,0,29
662,2017-10-24,Hassan,1,1,6,0,1,2,0,0,48,0,29
663,2017-10-25,Hassan,1,1,6,0,1,2,0,0,48,0,29
664,2017-10-26,Hassan,1,1,6,0,1,2,0,0,48,0,28
665,2017-10-27,Hassan,1,1,7,0,1,2,0,0,48,0,28
666,2017-10-28,Hassan,1,1,7,0,1,2,0,0,48,0,28
667,2017-10-29,Hassan,1,1,7,0,1,2,0,0,48,0,28
668,2017-10-30,Hassan,1,1,7,0,1,2,0,0,48,0,28
669,2017-10-31,Hassan,1,1,7,0,1,2,0,0,48,0,28
670,2017-11-01,Hassan,1,1,7,0,1,2,0,0,48,0,28
671,2017-11-02,Hassan,1,1,7,0,1,2,0,0,48,0,27
672,2017-11-03,Hassan,1,1,7,0,1,2,0,0,48,0,27
673,2017-11-04,Hassan,1,1,7,0,1,2,0,0,48,0,27
674,2017-11-05,Hassan,1,1,7,0,1,2,0,0,48,0,27
675,2017-11-06,Hassan,1,1,7,0,1,2,0,0,48,0,27
676,2017-11-07,Hassan,1,1,7,0,1,2,0,0,48,0,27
677,2017-11-08,Hassan,1,1,7,0,1,2,0,0,48,0,27
678,2017-11-09,Hassan,1,1,7,0,1,2,0,0,48,0,27
679,2017-11-10,Hassan,1,1,7,0,1,2,0,0,48,0,26
680,2017-11-11,Hassan,1,1,7,0,1,2,0,0,48,0,26
681,2017-11-12,Hassan,1,1,7,0,1,2,0,0,48,0,26
682,2017-11-13,Hassan,1,1,7,0,1,2,0,0,47,0,26
683,2017-11-14,Hassan,1,1,7,0,1,2,0,0,47,0,26
684,2017-11-15,Hassan,1,1,7,0,1,2,0,0,47,0,26
685,2017-11-16,Hassan,1,1,7,0,1,2,0,0,47,0,26
686,2017-11-17,Hassan,1,1,7,0,1,2,0,0,47,0,26
687,2017-11-18,Hassan,1,1,7,0,1,2,0,0,47,0,26
688,2017-11-19,Hassan,1,1,7,0,1,2,0,0,47,0,26
689,2017-11-20,Hassan,1,1,7,0,1,2,0,0,47,0,26
690,2017-11-21,Hassan,1,1,7,0,1,2,0,0,46,0,26
691,2017-11-22,Hassan,1,1,7,0,1,2,0,0,46,0,26
692,2017-11-23,Hassan,1,1,7,0,1,2,0,0,46,0,26
693,2017-11-24,Hassan,1,1,7,0,1,2,0,0,46,0,26
694,2017-11-25,Hassan,1,1,6,0,1,2,0,0,46,0,26
695,2017-11-26,Hassan,1,1,6,0,1,2,0,0,46,0,26
696,2017-11-27,Hassan,1,1,6,0,1,2,0,0,45,0,26
697,2017-11-28,Hassan,1,1,6,0,1,2,0,0,45,0,27
698,2017-11-29,Hassan,1,1,6,0,2,2,0,0,45,0,27
699,2017-11-30,Hassan,1,1,6,0,2,2,0,0,45,0,27
700,2017-12-01,Hassan,1,1,6,0,2,2,0,0,45,0,27
701,2017-12-02,Hassan,1,1,6,0,2,2,0,0,45,0,27
702,2017-12-03,Hassan,1,1,6,0,2,2,0,0,45,0,27
703,2017-12-04,Hassan,1,1,6,0,2,2,0,0,44,0,27
704,2017-12-05,Hassan,1,1,5,0,2,2,0,0,44,0,27
705,2017-12-06,Hassan,1,1,5,0,2,2,0,0,44,0,27
706,2017-12-07,Hassan,1,1,5,0,2,2,0,0,44,0,27
707,2017-12-08,Hassan,1,1,5,0,2,2,0,0,44,0,27
708,2017-12-09,Hassan,1,1,5,0,2,2,0,0,44,0,27
709,2017-12-10,Hassan,1,1,5,0,2,2,0,0,44,0,27
710,2017-12-11,Hassan,1,1,5,0,2,2,0,0,44,0,27
711,2017-12-12,Hassan,1,1,5,0,2,2,0,0,44,0,27
712,2017-12-13,Hassan,1,1,5,0,2,2,0,0,44,0,27
713,2017-12-14,Hassan,1,1,5,0,2,2,0,0,44,0,27
714,2017-12-15,Hassan,1,1,4,0,2,2,0,0,44,0,27
715,2017-12-16,Hassan,1,1,4,0,2,2,0,0,44,0,27
716,2017-12-17,Hassan,1,1,4,0,2,2,0,0,44,0,26
717,2017-12-18,Hassan,1,1,4,0,2,2,0,0,44,0,26
718,2017-12-19,Hassan,1,1,4,0,2,2,0,0,44,0,26
719,2017-12-20,Hassan,1,1,4,0,2,2,0,0,44,0,26
720,2017-12-21,Hassan,1,1,4,0,2,2,0,0,45,0,26
721,2017-12-22,Hassan,1,1,4,0,2,2,0,0,45,0,25
722,2017-12-23,Hassan,1,1,4,0,2,2,0,0,45,0,25
723,2017-12-24,Hassan,1,1,4,0,2,2,0,0,45,0,25
724,2017-12-25,Hassan,1,1,4,0,2,2,0,0,45,0,25
725,2017-12-26,Hassan,1,1,3,0,2,2,0,0,46,0,24
726,2017-12-27,Hassan,1,1,3,0,2,2,0,0,46,0,24
727,2017-12-28,Hassan,1,1,3,0,2,2,0,0,46,0,24
728,2017-12-29,Hassan,1,1,3,0,2,2,0,0,46,0,24
729,2017-12-30,Hassan,1,1,3,0,2,2,0,0,47,0,23
730,2017-12-31,Hassan,1,1,3,0,2,2,0,0,47,0,23
731,2018-01-01,Hassan,1,1,3,0,2,2,0,0,47,0,23
732,2018-01-02,Hassan,1,1,3,0,2,2,0,0,47,0,23
733,2018-01-03,Hassan,1,1,3,0,1,2,0,0,48,0,22
734,2018-01-04,Hassan,1,1,3,0,1,2,0,0,48,0,22
735,2018-01-05,Hassan,1,1,3,0,1,2,0,0,48,0,22
736,2018-01-06,Hassan,1,1,3,0,1,2,0,0,48,0,22
737,2018-01-07,Hassan,1,1,3,0,1,2,0,0,49,0,22
738,2018-01-08,Hassan,1,1,3,0,1,2,0,0,49,0,22
739,2018-01-09,Hassan,1,1,3,0,1,2,0,0,49,0,22
740,2018-01-10,Hassan,1,1,3,0,1,2,0,0,49,0,21
741,2018-01-11,Hassan,1,1,3,0,1,2,0,0,50,0,21
742,2018-01-12,Hassan,1,1,3,0,1,2,0,0,50,0,21
743,2018-01-13,Hassan,1,1,3,0,1,2,0,0,50,0,21
744,2018-01-14,Hassan,1,1,3,0,1,2,0,0,50,0,21
745,2018-01-15,Hassan,1,1,3,0,1,2,0,0,51,0,22
746,2018-01-16,Hassan,1,1,3,0,1,2,0,0,51,0,22
747,2018-01-17,Hassan,1,1,3,0,1,2,0,0,51,0,22
748,2018-01-18,Hassan,1,1,3,0,1,2,0,0,51,0,22
749,2018-01-19,Hassan,2,1,3,0,0,2,0,0,51,0,22
750,2018-01-20,Hassan,2,1,3,0,0,2,0,0,51,0,22
751,2018-01-21,Hassan,2,1,3,0,0,2,0,0,51,0,23
752,2018-01-22,Hassan,2,1,3,0,0,2,0,0,51,0,23
753,2018-01-23,Hassan,2,1,3,0,0,2,0,0,52,0,23
754,2018-01-24,Hassan,2,1,3,0,0,2,0,0,52,0,24
755,2018-01-25,Hassan,2,1,3,0,0,2,0,0,52,0,24
756,2018-01-26,Hassan,2,1,3,0,0,2,0,0,52,0,24
757,2018-01-27,Hassan,2,1,3,0,0,2,0,0,52,0,25
758,2018-01-28,Hassan,2,1,3,0,0,2,0,0,52,0,25
759,2018-01-29,Hassan,2,1,3,0,0,2,0,0,52,0,25
760,2018-01-30,Hassan,2,1,3,0,0,2,0,0,52,0,26
761,2018-01-31,Hassan,2,1,3,0,0,2,0,0,52,0,26
762,2018-02-01,Hassan,2,1,3,0,0,2,0,0,52,0,26
763,2018-02-02,Hassan,2,1,3,0,0,2,0,0,52,0,27
764,2018-02-03,Hassan,2,1,3,0,0,2,0,0,52,0,27
765,2018-02-04,Hassan,2,1,3,0,0,2,0,0,51,0,27
766,2018-02-05,Hassan,2,1,4,0,0,2,0,0,51,0,28
767,2018-02-06,Hassan,2,1,4,0,0,2,0,0,51,0,28
768,2018-02-07,Hassan,2,1,4,0,0,2,0,0,51,0,28
769,2018-02-08,Hassan,2,1,4,0,0,2,0,0,51,0,29
770,2018-02-09,Hassan,2,1,4,0,0,2,0,0,51,0,29
771,2018-02-10,Hassan,2,1,4,0,0,2,0,0,51,0,29
772,2018-02-11,Hassan,2,1,4,0,0,2,0,0,51,0,29
773,2018-02-12,Hassan,2,1,4,0,0,2,0,0,50,0,29
774,2018-02-13,Hassan,2,1,4,0,0,2,0,0,50,0,29
775,2018-02-14,Hassan,2,1,4,0,0,2,0,0,50,0,30
776,2018-02-15,Hassan,2,1,4,0,0,2,0,0,50,0,30
777,2018-02-16,Hassan,2,1,4,0,0,2,0,0,49,0,30
778,2018-02-17,Hassan,2,1,4,0,0,2,0,0,49,0,30
779,2018-02-18,Hassan,2,1,5,0,0,2,0,0,49,0,29
780,2018-02-19,Hassan,2,1,5,0,0,2,0,0,49,0,29
781,2018-02-20,Hassan,2,1,5,0,0,2,0,0,49,0,29
782,2018-02-21,Hassan,2,1,5,0,0,2,0,0,48,0,29
783,2018-02-22,Hassan,2,1,5,0,0,2,0,0,48,0,29
784,2018-02-23,Hassan,2,1,5,0,0,2,0,0,48,0,29
785,2018-02-24,Hassan,2,1,5,0,0,2,0,0,47,0,28
786,2018-02-25,Hassan,1,1,5,0,0,2,0,0,47,0,28
787,2018-02-26,Hassan,1,1,5,0,0,2,0,0,47,0,28
788,2018-02-27,Hassan,1,1,5,0,0,2,0,0,47,0,27
789,2018-02-28,Hassan,1,1,5,0,0,2,0,0,46,0,27
790,2018-03-01,Hassan,1,1,5,0,0,2,0,0,46,0,27
791,2018-03-02,Hassan,1,1,5,0,0,2,0,0,46,0,26
792,2018-03-03,Hassan,1,1,5,0,0,2,0,0,45,0,26
793,2018-03-04,Hassan,1,1,5,0,0,2,0,0,45,0,26
794,2018-03-05,Hassan,1,1,5,0,0,2,0,0,45,0,25
795,2018-03-06,Hassan,1,1,6,0,0,2,0,0,45,0,25
796,2018-03-07,Hassan,1,1,6,0,0,2,0,0,44,0,25
797,2018-03-08,Hassan,1,1,6,0,0,2,0,0,44,0,24
798,2018-03-09,Hassan,1,1,6,0,0,2,0,0,44,0,24
799,2018-03-10,Hassan,1,1,6,0,0,2,0,0,44,0,24
800,2018-03-11,Hassan,1,1,6,0,0,2,0,0,44,0,23
801,2018-03-12,Hassan,1,1,6,0,0,2,0,0,43,0,23
802,2018-03-13,Hassan,1,1,6,0,0,2,0,0,43,0,23
803,2018-03-14,Hassan,1,1,6,0,0,2,0,0,43,0,22
804,2018-03-15,Hassan,1,1,6,0,0,2,0,0,43,0,22
805,2018-03-16,Hassan,1,1,6,0,0,2,0,0,43,0,22
806,2018-03-17,Hassan,1,1,6,0,0,2,0,0,43,0,22
807,2018-03-18,Hassan,1,1,6,0,0,2,0,0,43,0,22
808,2018-03-19,Hassan,1,1,6,0,0,2,0,0,43,0,22
809,2018-03-20,Hassan,1,1,6,0,0,2,0,0,43,0,21
810,2018-03-21,Hassan,2,1,6,0,0,2,0,0,43,0,21
811,2018-03-22,Hassan,2,1,6,0,0,2,0,0,43,0,21
812,2018-03-23,Hassan,2,1,6,0,0,2,0,0,43,0,21
813,2018-03-24,Hassan,2,1,5,0,0,2,0,0,43,0,21
814,2018-03-25,Hassan,2,1,5,0,0,2,0,0,43,0,21
815,2018-03-26,Hassan,2,1,5,0,0,2,0,0,43,0,21
816,2018-03-27,Hassan,2,1,5,0,0,2,0,0,43,0,21
817,2018-03-28,Hassan,2,1,5,0,0,2,0,0,43,0,21
818,2018-03-29,Hassan,2,1,5,0,0,2,0,0,43,0,21
819,2018-03-30,Hassan,2,1,5,0,0,2,0,0,43,0,21
820,2018-03-31,Hassan,2,1,5,0,0,2,0,0,43,0,21
821,2018-04-01,Hassan,2,1,5,0,0,2,0,0,43,0,21
822,2018-04-02,Hassan,2,1,5,0,0,2,0,0,44,0,21
823,2018-04-03,Hassan,2,1,5,0,0,2,0,0,44,0,21
824,2018-04-04,Hassan,2,1,5,0,0,2,0,0,44,0,21
825,2018-04-05,Hassan,2,1,5,0,0,2,0,0,44,0,22
826,2018-04-06,Hassan,2,1,5,0,0,2,0,0,44,0,22
827,2018-04-07,Hassan,2,1,5,0,0,2,0,0,44,0,22
828,2018-04-08,Hassan,2,1,4,0,0,2,0,0,45,0,22
829,2018-04-09,Hassan,2,1,4,0,0,2,0,0,45,0,22
830,2018-04-10,Hassan,3,1,4,0,0,2,0,0,45,0,22
831,2018-04-11,Hassan,3,1,4,0,0,2,0,0,45,0,22
832,2018-04-12,Hassan,3,1,4,0,0,2,0,0,46,0,22
833,2018-04-13,Hassan,3,1,4,0,0,2,0,0,46,0,22
834,2018-04-14,Hassan,3,1,4,0,0,2,0,0,46,0,22
835,2018-04-15,Hassan,3,1,4,0,0,2,0,0,47,0,23
836,2018-04-16,Hassan,3,1,4,0,0,2,0,0,47,0,23
837,2018-04-17,Hassan,3,1,4,0,0,2,0,0,47,0,23
838,2018-04-18,Hassan,3,1,4,0,0,2,0,0,47,0,23
839,2018-04-19,Hassan,3,1,4,0,0,2,0,0,48,0,23
840,2018-04-20,Hassan,3,1,4,0,0,2,0,0,48,0,23
841,2018-04-21,Hassan,3,1,4,0,0,2,0,0,48,0,23
842,2018-04-22,Hassan,3,1,4,0,0,2,0,0,49,0,23
843,2018-04-23,Hassan,3,1,4,0,0,2,0,0,49,0,23
844,2018-04-24,Hassan,3,1,3,0,0,2,0,0,49,0,23
845,2018-04-25,Hassan,3,1,3,0,0,2,0,0,50,0,23
846,2018-04-26,Hassan,3,1,3,0,0,2,0,0,50,0,23
847,2018-04-27,Hassan,3,1,3,0,0,2,0,0,50,0,23
848,2018-04-28,Hassan,4,1,3,0,0,2,0,0,51,0,23
849,2018-04-29,Hassan,4,1,3,0,0,2,0,0,51,0,23
850,2018-04-30,Hassan,4,1,3,0,0,2,0,0,51,0,23
851,2018-05-01,Hassan,4,1,3,0,0,2,0,0,52,0,23
852,2018-05-02,Hassan,4,1,3,0,0,2,0,0,52,0,23
853,2018-05-03,Hassan,4,1,3,0,0,2,0,0,52,0,23
854,2018-05-04,Hassan,4,1,3,0,0,2,0,0,52,0,23
855,2018-05-05,Hassan,4,1,3,0,0,2,0,0,53,0,23
856,2018-05-06,Hassan,4,1,3,0,0,2,0,0,53,0,23
857,2018-05-07,Hassan,4,1,3,0,0,2,0,0,53,0,23
858,2018-05-08,Hassan,4,1,3,0,0,2,0,0,53,0,23
859,2018-05-09,Hassan,4,1,3,0,0,2,0,0,54,0,23
860,2018-05-10,Hassan,4,1,3,0,0,2,0,0,54,0,23
861,2018-05-11,Hassan,4,1,3,0,0,2,0,0,54,0,23
862,2018-05-12,Hassan,4,1,3,0,1,2,0,0,54,0,23
863,2018-05-13,Hassan,4,1,3,0,1,2,0,0,54,0,23
864,2018-05-14,Hassan,4,1,3,0,1,2,0,0,54,0,23
865,2018-05-15,Hassan,4,1,3,0,1,2,0,0,54,0,23
866,2018-05-16,Hassan,4,1,3,0,1,2,0,0,55,0,23
867,2018-05-17,Hassan,4,1,3,0,1,2,0,0,55,0,22
868,2018-05-18,Hassan,4,1,3,0,1,2,0,0,55,0,22
869,2018-05-19,Hassan,4,1,3,0,1,2,0,0,55,0,22
870,2018-05-20,Hassan,4,1,3,0,1,2,0,0,55,0,22
871,2018-05-21,Hassan,4,1,3,0,1,2,0,0,55,0,22
872,2018-05-22,Hassan,4,1,3,0,1,2,0,0,55,0,22
873,2018-05-23,Hassan,4,1,3,0,1,2,0,0,55,0,22
874,2018-05-24,Hassan,4,1,3,0,1,2,0,0,55,0,21
875,2018-05-25,Hassan,4,1,3,0,1,2,0,0,54,0,21
876,2018-05-26,Hassan,4,1,3,0,1,2,0,0,54,0,21
877,2018-05-27,Hassan,4,1,3,0,1,2,0,0,54,0,21
878,2018-05-28,Hassan,4,1,3,0,1,2,0,0,54,0,21
879,2018-05-29,Hassan,4,1,3,0,1,2,0,0,54,0,21
880,2018-05-30,Hassan,4,1,3,0,1,2,0,0,54,0,21
881,2018-05-31,Hassan,4,1,3,0,1,2,0,0,54,0,20
882,2018-06-01,Hassan,4,1,2,0,2,2,0,0,54,0,20
883,2018-06-02,Hassan,4,1,2,0,2,2,0,0,53,0,20
884,2018-06-03,Hassan,4,1,2,0,2,2,0,0,53,0,20
885,2018-06-04,Hassan,4,1,2,0,2,2,0,0,53,0,20
886,2018-06-05,Hassan,4,1,2,0,2,2,0,0,53,0,20
887,2018-06-06,Hassan,4,1,2,0,2,2,0,0,52,0,20
888,2018-06-07,Hassan,4,1,2,0,2,2,0,0,52,0,20
889,2018-06-08,Hassan,4,1,2,0,2,2,0,0,52,0,19
890,2018-06-09,Hassan,4,1,2,0,2,2,0,0,52,0,19
891,2018-06-10,Hassan,4,1,2,0,2,2,0,0,51,0,19
892,2018-06-11,Hassan,4,1,2,0,2,2,0,0,51,0,19
893,2018-06-12,Hassan,4,1,2,0,2,2,0,0,51,0,19
894,2018-06-13,Hassan,4,1,2,0,2,2,0,0,51,0,19
895,2018-06-14,Hassan,4,1,2,0,2,2,0,0,50,0,19
896,2018-06-15,Hassan,4,1,2,0,2,2,0,0,50,0,19
897,2018-06-16,Hassan,4,1,2,0,2,2,0,0,50,0,19
898,2018-06-17,Hassan,3,1,2,0,2,2,0,0,49,0,19
899,2018-06-18,Hassan,3,1,2,0,2,2,0,0,49,0,19
900,2018-06-19,Hassan,3,1,2,0,2,2,0,0,49,0,19
901,2018-06-20,Hassan,3,1,2,0,2,2,0,0,48,0,20
902,2018-06-21,Hassan,3,1,2,0,2,2,0,0,48,0,20
903,2018-06-22,Hassan,3,1,2,0,2,2,0,0,48,0,20
904,2018-06-23,Hassan,3,1,2,0,2,2,0,0,48,0,20
905,2018-06-24,Hassan,3,1,2,0,2,2,0,0,47,0,20
906,2018-06-25,Hassan,3,1,2,0,2,2,0,0,47,0,20
907,2018-06-26,Hassan,3,1,2,0,2,2,0,0,47,0,20
908,2018-06-27,Hassan,3,1,2,0,2,2,0,0,46,0,20
909,2018-06-28,Hassan,3,1,2,0,2,2,0,0,46,0,21
910,2018-06-29,Hassan,3,1,2,0,2,2,0,0,46,0,21
911,2018-06-30,Hassan,3,1,2,0,2,2,0,0,45,0,21
912,2018-07-01,Hassan,3,1,2,0,1,2,0,0,45,0,21
913,2018-07-02,Hassan,3,1,2,0,1,2,0,0,45,0,21
914,2018-07-03,Hassan,3,1,3,0,1,2,0,0,45,0,21
915,2018-07-04,Hassan,3,1,3,0,1,2,0,0,44,0,22
916,2018-07-05,Hassan,3,1,3,0,1,2,0,0,44,0,22
917,2018-07-06,Hassan,3,1,3,0,1,2,0,0,44,0,22
918,2018-07-07,Hassan,3,1,3,0,1,2,0,0,44,0,22
919,2018-07-08,Hassan,3,1,3,0,1,2,0,0,43,0,22
920,2018-07-09,Hassan,3,1,3,0,1,2,0,0,43,0,22
921,2018-07-10,Hassan,3,1,3,0,1,2,0,0,43,0,22
922,2018-07-11,Hassan,3,1,3,0,1,2,0,0,43,0,22
923,2018-07-12,Hassan,3,1,3,0,1,2,0,0,42,0,23
924,2018-07-13,Hassan,3,1,3,0,1,2,0,0,42,0,23
925,2018-07-14,Hassan,3,1,3,0,1,2,0,0,42,0,23
926,2018-07-15,Hassan,3,1,3,0,1,2,0,0,42,0,23
927,2018-07-16,Hassan,3,1,3,0,1,2,0,0,42,0,23
928,2018-07-17,Hassan,3,1,3,0,1,2,0,0,42,0,23
929,2018-07-18,Hassan,3,1,3,0,1,2,0,0,42,0,23
930,2018-07-19,Hassan,3,1,3,0,1,2,0,0,42,0,23
931,2018-07-20,Hassan,3,1,3,0,1,2,0,0,42,0,23
932,2018-07-21,Hassan,3,1,3,0,1,2,0,0,42,0,23
933,2018-07-22,Hassan,3,1,3,0,1,2,0,0,41,0,23
934,2018-07-23,Hassan,3,1,3,0,1,2,0,0,41,0,23
935,2018-07-24,Hassan,3,1,2,0,1,2,0,0,41,0,23
936,2018-07-25,Hassan,3,1,2,0,1,2,0,0,41,0,23
937,2018-07-26,Hassan,3,1,2,0,1,2,0,0,41,0,23
938,2018-07-27,Hassan,3,1,2,0,1,2,0,0,41,0,23
939,2018-07-28,Hassan,3,1,2,0,2,2,0,0,41,0,23
940,2018-07-29,Hassan,3,1,2,0,2,2,0,0,41,0,22
941,2018-07-30,Hassan,3,1,2,0,2,2,0,0,41,0,22
942,2018-07-31,Hassan,3,1,2,0,2,2,0,0,41,0,22
943,2018-08-01,Hassan,3,1,2,0,2,2,0,0,41,0,22
944,2018-08-02,Hassan,3,1,2,0,2,2,0,0,42,0,22
945,2018-08-03,Hassan,3,1,3,0,2,2,0,0,42,0,22
946,2018-08-04,Hassan,3,1,3,0,2,2,0,0,42,0,22
947,2018-08-05,Hassan,3,1,3,0,2,2,0,0,42,0,22
948,2018-08-06,Hassan,3,1,3,0,2,2,0,0,42,0,22
949,2018-08-07,Hassan,3,1,3,0,2,2,0,0,42,0,21
950,2018-08-08,Hassan,3,1,3,0,2,2,0,0,42,0,21
951,2018-08-09,Hassan,3,1,3,0,2,2,0,0,42,0,21
952,2018-08-10,Hassan,3,1,3,0,2,2,0,0,42,0,21
953,2018-08-11,Hassan,3,1,3,0,2,2,0,0,42,0,21
954,2018-08-12,Hassan,3,1,3,0,2,2,0,0,42,0,21
955,2018-08-13,Hassan,3,1,3,0,2,2,0,0,42,0,21
956,2018-08-14,Hassan,3,1,3,0,2,2,0,0,42,0,21
957,2018-08-15,Hassan,3,1,3,0,2,2,0,0,42,0,20
958,2018-08-16,Hassan,3,1,3,0,2,2,0,0,42,0,20
959,2018-08-17,Hassan,3,1,3,0,2,2,0,0,42,0,20
960,2018-08-18,Hassan,4,1,3,0,2,2,0,0,42,0,20
961,2018-08-19,Hassan,4,1,3,0,2,2,0,0,42,0,20
962,2018-08-20,Hassan,4,1,3,0,2,2,0,0,42,0,20
963,2018-08-21,Hassan,4,1,3,0,2,2,0,0,42,0,20
964,2018-08-22,Hassan,4,1,3,0,2,2,0,0,42,0,20
965,2018-08-23,Hassan,4,1,4,0,2,2,0,0,42,0,20
966,2018-08-24,Hassan,5,1,4,0,2,2,0,0,42,0,19
967,2018-08-25,Hassan,5,1,4,0,2,2,0,0,42,0,19
968,2018-08-26,Hassan,5,1,4,0,2,2,0,0,42,0,19
969,2018-08-27,Hassan,5,1,4,0,2,2,0,0,42,0,19
970,2018-08-28,Hassan,5,1,4,0,2,2,0,0,42,0,19
971,2018-08-29,Hassan,5,1,4,0,2,2,0,0,42,0,19
972,2018-08-30,Hassan,6,1,4,0,2,2,0,0,42,0,19
973,2018-08-31,Hassan,6,1,4,0,2,2,0,0,41,0,19
974,2018-09-01,Hassan,6,1,5,0,2,2,0,0,41,0,19
975,2018-09-02,Hassan,6,1,5,0,2,2,0,0,41,0,19
976,2018-09-03,Hassan,6,1,5,0,2,2,0,0,41,0,19
977,2018-09-04,Hassan,6,1,5,0,1,2,0,0,41,0,19
978,2018-09-05,Hassan,7,1,5,0,1,2,0,0,41,0,19
979,2018-09-06,Hassan,7,1,5,0,1,2,0,0,41,0,19
980,2018-09-07,Hassan,7,1,5,0,1,2,0,0,41,0,19
981,2018-09-08,Hassan,7,1,5,0,1,2,0,0,41,0,19
982,2018-09-09,Hassan,7,1,5,0,1,2,0,0,41,0,19
983,2018-09-10,Hassan,7,1,5,0,1,2,0,0,41,0,19
984,2018-09-11,Hassan,7,1,5,0,1,1,0,0,42,0,19
985,2018-09-12,Hassan,7,1,5,0,1,1,0,0,42,0,19
986,2018-09-13,Hassan,7,1,6,0,1,1,0,0,42,0,19
987,2018-09-14,Hassan,7,1,6,0,1,1,0,0,42,0,19
988,2018-09-15,Hassan,7,1,6,0,1,1,0,0,42,0,19
989,2018-09-16,Hassan,7,1,6,0,1,1,0,0,42,0,19
990,2018-09-17,Hassan,7,1,6,0,1,1,0,0,42,0,19
991,2018-09-18,Hassan,7,1,6,0,1,1,0,0,42,0,19
992,2018-09-19,Hassan,7,1,6,0,1,1,0,0,42,0,19
993,2018-09-20,Hassan,7,1,6,0,1,1,0,0,42,0,20
994,2018-09-21,Hassan,7,1,6,0,0,1,0,0,43,0,20
995,2018-09-22,Hassan,7,1,6,0,0,1,0,0,43,0,20
996,2018-09-23,Hassan,7,1,6,0,0,1,0,0,43,0,20
997,2018-09-24,Hassan,6,1,6,0,0,1,0,0,43,0,20
998,2018-09-25,Hassan,6,1,6,0,0,1,0,0,43,0,20
999,2018-09-26,Hassan,6,1,6,0,0,1,0,0,44,0,20
1000,2018-09-27,Hassan,6,1,6,0,0,1,0,0,44,0,21
1001,2018-09-28,Hassan,6,1,6,0,0,1,0,0,44,0,21
1002,2018-09-29,Hassan,6,1,6,0,0,2,0,0,44,0,21
1003,2018-09-30,Hassan,5,1,6,0,0,2,0,0,44,0,21
1004,2018-10-01,Hassan,5,1,6,0,0,2,0,0,45,0,21
1005,2018-10-02,Hassan,5,1,5,0,0,2,0,0,45,0,21
1006,2018-10-03,Hassan,5,1,5,0,0,2,0,0,45,0,21
1007,2018-10-04,Hassan,5,1,5,0,0,2,0,0,45,0,22
1008,2018-10-05,Hassan,4,0,5,0,0,2,0,0,45,0,22
1009,2018-10-06,Hassan,4,0,5,0,0,2,0,0,46,0,22
1010,2018-10-07,Hassan,4,0,5,0,0,2,0,0,46,0,22
1011,2018-10-08,Hassan,4,0,5,0,0,2,0,0,46,0,22
1012,2018-10-09,Hassan,4,0,5,0,0,2,0,0,46,0,22
1013,2018-10-10,Hassan,3,0,5,0,0,2,0,0,47,0,22
1014,2018-10-11,Hassan,3,0,5,0,0,2,0,0,47,0,23
1015,2018-10-12,Hassan,3,0,5,0,0,2,0,0,47,0,23
1016,2018-10-13,Hassan,3,0,5,0,0,2,0,0,47,0,23
1017,2018-10-14,Hassan,3,0,5,0,0,2,0,0,47,0,23
1018,2018-10-15,Hassan,3,0,5,0,0,2,0,0,48,0,23
1019,2018-10-16,Hassan,3,0,5,0,0,2,0,0,48,0,23
1020,2018-10-17,Hassan,3,0,4,0,0,2,0,0,48,0,23
1021,2018-10-18,Hassan,2,0,4,0,0,2,0,0,48,0,23
1022,2018-10-19,Hassan,2,0,4,0,0,2,0,0,48,0,23
1023,2018-10-20,Hassan,2,0,4,0,0,2,0,0,48,0,23
1024,2018-10-21,Hassan,2,0,4,0,0,2,0,0,49,0,23
1025,2018-10-22,Hassan,2,0,4,0,0,2,0,0,49,0,23
1026,2018-10-23,Hassan,2,0,4,0,0,2,0,0,49,0,23
1027,2018-10-24,Hassan,2,0,4,0,0,2,0,0,49,0,23
1028,2018-10-25,Hassan,2,0,4,0,0,2,0,0,49,0,23
1029,2018-10-26,Hassan,2,0,4,0,0,2,0,0,49,0,23
1030,2018-10-27,Hassan,2,0,4,0,0,2,0,0,49,0,23
1031,2018-10-28,Hassan,2,0,4,0,0,2,0,0,49,0,23
1032,2018-10-29,Hassan,2,0,4,0,0,2,0,0,49,0,23
1033,2018-10-30,Hassan,2,0,4,0,0,2,0,0,49,0,23
1034,2018-10-31,Hassan,2,0,3,0,0,2,0,0,49,0,23
1035,2018-11-01,Hassan,2,0,3,0,1,2,0,0,49,0,23
1036,2018-11-02,Hassan,2,0,3,0,1,2,0,0,49,0,23
1037,2018-11-03,Hassan,2,0,3,0,1,2,0,0,49,0,23
1038,2018-11-04,Hassan,2,0,3,0,1,2,0,0,49,0,23
1039,2018-11-05,Hassan,2,0,3,0,1,2,0,0,49,0,23
1040,2018-11-06,Hassan,2,1,3,0,1,2,0,0,49,0,23
1041,2018-11-07,Hassan,2,1,3,0,1,2,0,0,49,0,23
1042,2018-11-08,Hassan,2,1,3,0,1,2,0,0,49,0,23
1043,2018-11-09,Hassan,3,1,3,0,1,2,0,0,49,0,23
1044,2018-11-10,Hassan,3,1,3,0,1,2,0,0,49,0,23
1045,2018-11-11,Hassan,3,1,3,0,1,2,0,0,49,0,23
1046,2018-11-12,Hassan,3,1,3,0,1,2,0,0,48,0,23
1047,2018-11-13,Hassan,3,1,3,0,1,2,0,0,48,0,23
1048,2018-11-14,Hassan,3,1,3,0,1,2,0,0,48,0,23
1049,2018-11-15,Hassan,3,1,3,0,1,2,0,0,48,0,23
1050,2018-11-16,Hassan,3,1,3,0,1,2,0,0,48,0,23
1051,2018-11-17,Hassan,3,1,3,0,1,2,0,0,47,0,23
1052,2018-11-18,Hassan,3,1,3,0,1,2,0,0,47,0,23
1053,2018-11-19,Hassan,3,1,3,0,1,2,0,0,47,0,23
1054,2018-11-20,Hassan,3,1,3,0,1,2,0,0,47,0,23
1055,2018-11-21,Hassan,3,1,3,0,1,2,0,0,46,0,23
1056,2018-11-22,Hassan,3,1,3,0,1,2,0,0,46,0,23
1057,2018-11-23,Hassan,3,1,3,0,1,2,0,0,46,0,23
1058,2018-11-24,Hassan,3,1,3,0,1,2,0,0,45,0,23
1059,2018-11-25,Hassan,3,1,3,0,1,2,0,0,45,0,23
1060,2018-11-26,Hassan,3,1,4,0,1,2,0,0,45,0,23
1061,2018-11-27,Hassan,3,1,4,0,1,2,0,0,44,0,23
1062,2018-11-28,Hassan,3,1,4,0,1,2,0,0,44,0,23
1063,2018-11-29,Hassan,3,1,4,0,1,2,0,0,44,0,23
1064,2018-11-30,Hassan,3,1,4,0,1,2,0,0,43,0,23
1065,2018-12-01,Hassan,3,1,4,0,1,2,0,0,43,0,23
1066,2018-12-02,Hassan,3,1,4,0,1,2,0,0,43,0,23
1067,2018-12-03,Hassan,3,1,4,0,1,2,0,0,42,0,23
1068,2018-12-04,Hassan,3,1,4,0,1,2,0,0,42,0,23
1069,2018-12-05,Hassan,3,1,4,0,1,2,0,0,42,0,23
1070,2018-12-06,Hassan,3,1,4,0,1,2,0,0,41,0,23
1071,2018-12-07,Hassan,3,1,4,0,1,2,0,0,41,0,23
1072,2018-12-08,Hassan,3,1,4,0,1,2,0,0,41,0,23
1073,2018-12-09,Hassan,3,1,4,0,1,2,0,0,40,0,23
1074,2018-12-10,Hassan,3,1,4,0,0,2,0,0,40,0,23
1075,2018-12-11,Hassan,3,1,4,0,0,2,0,0,40,0,23
1076,2018-12-12,Hassan,2,1,4,0,0,2,0,0,40,0,23
1077,2018-12-13,Hassan,2,1,4,0,0,2,0,0,39,0,23
1078,2018-12-14,Hassan,2,1,4,0,0,2,0,0,39,0,23
1079,2018-12-15,Hassan,2,1,5,0,0,2,0,0,39,0,23
1080,2018-12-16,Hassan,2,1,5,0,0,2,0,0,39,0,23
1081,2018-12-17,Hassan,2,1,5,0,0,2,0,0,39,0,23
1082,2018-12-18,Hassan,2,1,5,0,0,2,0,0,39,0,23
1083,2018-12-19,Hassan,2,1,5,0,0,2,0,0,38,0,23
1084,2018-12-20,Hassan,2,1,5,0,0,2,0,0,38,0,23
1085,2018-12-21,Hassan,2,1,5,0,0,2,0,0,38,0,23
1086,2018-12-22,Hassan,2,1,5,0,0,2,0,0,38,0,23
1087,2018-12-23,Hassan,2,1,5,0,0,2,0,0,38,0,23
1088,2018-12-24,Hassan,2,1,5,0,0,2,0,0,38,0,23
1089,2018-12-25,Hassan,2,1,4,0,0,2,0,0,38,0,22
1090,2018-12-26,Hassan,2,1,4,0,0,2,0,0,38,0,22
1091,2018-12-27,Hassan,2,1,4,0,0,2,0,0,38,0,22
1092,2018-12-28,Hassan,2,1,4,0,0,2,0,0,38,0,22
1093,2018-12-29,Hassan,2,1,4,0,0,2,0,0,38,0,22
1094,2018-12-30,Hassan,2,1,4,0,0,2,0,0,38,0,22
1095,2018-12-31,Hassan,2,1,4,0,0,2,0,0,38,0,22
1096,2019-01-01,Hassan,2,1,4,0,0,2,0,0,38,0,22
1097,2019-01-02,Hassan,2,1,4,0,0,2,0,0,38,0,22
1098,2019-01-03,Hassan,2,1,4,0,0,2,0,0,38,0,21
1099,2019-01-04,Hassan,2,1,4,0,0,2,0,0,39,0,21
1100,2019-01-05,Hassan,2,1,4,0,0,2,0,0,39,0,21
1101,2019-01-06,Hassan,2,1,4,0,0,2,0,0,39,0,21
1102,2019-01-07,Hassan,2,1,4,0,0,2,0,0,39,0,21
1103,2019-01-08,Hassan,2,1,4,0,0,2,0,0,39,0,21
1104,2019-01-09,Hassan,2,1,4,0,0,2,0,0,39,0,21
1105,2019-01-10,Hassan,2,1,4,0,0,2,0,0,39,0,20
1106,2019-01-11,Hassan,2,1,4,0,0,2,0,0,39,0,20
1107,2019-01-12,Hassan,2,1,4,0,0,2,0,0,39,0,20
1108,2019-01-13,Hassan,2,1,4,0,0,2,0,0,40,0,20
1109,2019-01-14,Hassan,2,1,4,0,0,2,0,0,40,0,20
1110,2019-01-15,Hassan,2,1,4,0,0,2,0,0,40,0,20
1111,2019-01-16,Hassan,2,1,4,0,0,2,0,0,40,0,20
1112,2019-01-17,Hassan,2,1,4,0,0,2,0,0,40,0,19
1113,2019-01-18,Hassan,2,1,4,0,0,2,0,0,40,0,19
1114,2019-01-19,Hassan,2,1,4,0,0,2,0,0,40,0,19
1115,2019-01-20,Hassan,2,1,4,0,0,2,0,0,41,0,19
1116,2019-01-21,Hassan,2,1,4,0,0,2,0,0,41,0,19
1117,2019-01-22,Hassan,2,1,4,0,0,2,0,0,41,0,19
1118,2019-01-23,Hassan,2,1,4,0,0,2,0,0,41,0,19
1119,2019-01-24,Hassan,2,1,4,0,0,2,0,0,41,0,18
1120,2019-01-25,Hassan,2,1,4,0,0,2,0,0,41,0,18
1121,2019-01-26,Hassan,2,1,4,0,0,2,0,0,41,0,18
1122,2019-01-27,Hassan,2,1,4,0,0,2,0,0,42,0,18
1123,2019-01-28,Hassan,2,1,4,0,0,2,0,0,42,0,18
1124,2019-01-29,Hassan,2,1,4,0,0,2,0,0,42,0,18
1125,2019-01-30,Hassan,2,1,4,0,0,2,0,0,42,0,18
1126,2019-01-31,Hassan,2,1,4,0,0,2,0,0,42,0,17
1127,2019-02-01,Hassan,2,1,4,0,0,2,0,0,42,0,17
1128,2019-02-02,Hassan,2,1,4,0,0,2,0,0,42,0,17
1129,2019-02-03,Hassan,2,1,4,0,0,2,0,0,42,0,17
1130,2019-02-04,Hassan,2,1,4,0,0,2,0,0,42,0,17
1131,2019-02-05,Hassan,2,1,4,0,0,2,0,0,43,0,17
1132,2019-02-06,Hassan,2,1,4,0,0,2,0,0,43,0,17
1133,2019-02-07,Hassan,2,1,3,0,0,2,0,0,43,0,16
1134,2019-02-08,Hassan,2,1,3,0,0,2,0,0,43,0,16
1135,2019-02-09,Hassan,2,1,3,0,0,2,0,0,43,0,16
1136,2019-02-10,Hassan,2,1,3,0,0,3,0,0,43,0,16
1137,2019-02-11,Hassan,2,1,3,0,0,3,0,0,43,0,16
1138,2019-02-12,Hassan,2,1,3,0,0,3,0,0,43,0,16
1139,2019-02-13,Hassan,2,1,3,0,0,3,0,0,43,0,16
1140,2019-02-14,Hassan,2,1,3,0,0,3,0,0,43,0,16
1141,2019-02-15,Hassan,2,1,3,0,0,3,0,0,43,0,15
1142,2019-02-16,Hassan,2,1,3,0,0,3,0,0,43,0,15
1143,2019-02-17,Hassan,2,1,3,0,0,3,0,0,43,0,15
1144,2019-02-18,Hassan,2,1,3,0,0,3,0,0,43,0,15
1145,2019-02-19,Hassan,2,1,3,0,0,3,0,0,43,0,15
1146,2019-02-20,Hassan,2,1,3,0,0,3,0,0,43,0,15
1147,2019-02-21,Hassan,2,1,3,0,0,2,0,0,43,0,15
1148,2019-02-22,Hassan,2,1,3,0,0,2,0,0,43,0,15
1149,2019-02-23,Hassan,2,1,3,0,0,2,0,0,43,0,15
1150,2019-02-24,Hassan,2,1,3,0,0,2,0,0,43,0,15
1151,2019-02-25,Hassan,2,1,3,0,0,2,0,0,43,0,15
1152,2019-02-26,Hassan,2,1,3,0,0,2,0,0,43,0,15
1153,2019-02-27,Hassan,2,1,3,0,0,2,0,0,43,0,15
1154,2019-02-28,Hassan,2,1,2,0,0,2,0,0,43,0,15
1155,2019-03-01,Hassan,2,1,2,0,0,2,0,0,43,0,15
1156,2019-03-02,Hassan,2,1,2,0,0,2,0,0,43,0,15
1157,2019-03-03,Hassan,2,1,2,0,0,2,0,0,43,0,15
1158,2019-03-04,Hassan,2,1,2,0,0,2,0,0,43,0,15
1159,2019-03-05,Hassan,2,1,2,0,0,2,0,0,43,0,15
1160,2019-03-06,Hassan,2,1,2,0,0,2,0,0,43,0,15
1161,2019-03-07,Hassan,2,1,2,0,0,2,0,0,43,0,15
1162,2019-03-08,Hassan,2,1,2,0,0,2,0,0,42,0,15
1163,2019-03-09,Hassan,2,1,2,0,0,2,0,0,42,0,15
1164,2019-03-10,Hassan,2,1,2,0,0,2,0,0,42,0,15
1165,2019-03-11,Hassan,2,1,2,0,0,2,0,0,42,0,15
1166,2019-03-12,Hassan,2,1,2,0,0,2,0,0,42,0,15
1167,2019-03-13,Hassan,2,1,2,0,0,2,0,0,42,0,15
1168,2019-03-14,Hassan,2,1,2,0,0,2,0,0,42,0,16
1169,2019-03-15,Hassan,2,1,2,0,0,2,0,0,41,0,16
1170,2019-03-16,Hassan,2,1,2,0,0,2,0,0,41,0,16
1171,2019-03-17,Hassan,2,1,2,0,0,2,0,0,41,0,16
1172,2019-03-18,Hassan,2,1,2,0,0,2,0,0,41,0,16
1173,2019-03-19,Hassan,2,1,2,0,0,2,0,0,41,0,17
1174,2019-03-20,Hassan,2,1,2,0,0,2,0,0,41,0,17
1175,2019-03-21,Hassan,2,1,2,0,0,2,0,0,40,0,17
1176,2019-03-22,Hassan,2,1,2,0,0,2,0,0,40,0,18
1177,2019-03-23,Hassan,2,1,2,0,0,2,0,0,40,0,18
1178,2019-03-24,Hassan,2,1,2,0,0,2,0,0,40,0,18
1179,2019-03-25,Hassan,2,1,2,0,0,2,0,0,40,0,18
1180,2019-03-26,Hassan,2,1,2,0,0,2,0,0,39,0,19
1181,2019-03-27,Hassan,2,1,2,0,0,2,0,0,39,0,19
1182,2019-03-28,Hassan,3,1,3,0,0,2,0,0,39,0,19
1183,2019-03-29,Hassan,3,1,3,0,0,2,0,0,39,0,20
1184,2019-03-30,Hassan,3,1,3,0,0,2,0,0,39,0,20
1185,2019-03-31,Hassan,3,1,3,0,0,2,0,0,38,0,20
1186,2019-04-01,Hassan,3,1,3,0,0,2,0,0,38,0,21
1187,2019-04-02,Hassan,3,1,3,0,0,2,0,0,38,0,21
1188,2019-04-03,Hassan,3,1,3,0,0,2,0,0,38,0,21
1189,2019-04-04,Hassan,3,1,3,0,0,2,0,0,38,0,22
1190,2019-04-05,Hassan,3,1,3,0,0,2,0,0,38,0,22
1191,2019-04-06,Hassan,3,1,3,0,0,2,0,0,38,0,22
1192,2019-04-07,Hassan,3,1,3,0,0,2,0,0,37,0,23
1193,2019-04-08,Hassan,3,1,3,0,0,2,0,0,37,0,23
1194,2019-04-09,Hassan,3,1,4,0,0,2,0,0,37,0,23
1195,2019-04-10,Hassan,3,1,4,0,0,2,0,0,37,0,23
1196,2019-04-11,Hassan,3,1,4,0,0,2,0,0,37,0,24
1197,2019-04-12,Hassan,3,1,4,0,0,2,0,0,37,0,24
1198,2019-04-13,Hassan,3,1,4,0,0,2,0,0,37,0,24
1199,2019-04-14,Hassan,3,1,4,0,0,2,0,0,37,0,24
1200,2019-04-15,Hassan,3,1,4,0,0,2,0,0,37,0,24
1201,2019-04-16,Hassan,3,1,4,0,0,2,0,0,37,0,25
1202,2019-04-17,Hassan,3,1,4,0,0,2,0,0,37,0,25
1203,2019-04-18,Hassan,3,1,4,0,0,2,0,0,37,0,25
1204,2019-04-19,Hassan,3,1,4,0,0,2,0,0,37,0,25
1205,2019-04-20,Hassan,3,1,4,0,0,2,0,0,37,0,25
1206,2019-04-21,Hassan,3,1,4,0,0,2,0,0,38,0,25
1207,2019-04-22,Hassan,3,1,4,0,0,2,0,0,38,0,25
1208,2019-04-23,Hassan,3,1,4,0,0,2,0,0,38,0,25
1209,2019-04-24,Hassan,3,1,4,0,0,2,0,0,38,0,25
1210,2019-04-25,Hassan,3,1,4,0,0,2,0,0,38,0,25
1211,2019-04-26,Hassan,3,1,4,0,0,2,0,0,38,0,25
1212,2019-04-27,Hassan,3,1,4,0,0,2,0,0,39,0,25
1213,2019-04-28,Hassan,3,1,4,0,0,2,0,0,39,0,25
1214,2019-04-29,Hassan,3,1,4,0,0,2,0,0,39,0,25
1215,2019-04-30,Hassan,2,1,4,0,0,2,0,0,39,0,25
1216,2019-05-01,Hassan,2,1,4,0,0,2,0,0,39,0,25
1217,2019-05-02,Hassan,2,1,4,0,0,2,0,0,39,0,25
1218,2019-05-03,Hassan,2,1,4,0,0,2,0,0,40,0,25
1219,2019-05-04,Hassan,2,1,4,0,0,2,0,0,40,0,24
1220,2019-05-05,Hassan,2,1,4,0,0,2,0,0,40,0,24
1221,2019-05-06,Hassan,2,1,4,0,0,2,0,0,40,0,24
1222,2019-05-07,Hassan,2,1,4,0,0,2,0,0,40,0,24
1223,2019-05-08,Hassan,2,1,4,0,0,2,0,0,41,0,24
1224,2019-05-09,Hassan,2,1,4,0,0,2,0,0,41,0,24
1225,2019-05-10,Hassan,2,1,4,0,0,2,0,0,41,0,24
1226,2019-05-11,Hassan,2,1,4,0,0,2,0,0,41,0,23
1227,2019-05-12,Hassan,1,1,4,0,0,2,0,0,41,0,23
1228,2019-05-13,Hassan,1,1,4,0,0,2,0,0,41,0,23
1229,2019-05-14,Hassan,1,1,4,0,0,2,0,0,42,0,23
1230,2019-05-15,Hassan,1,1,4,0,0,2,0,0,42,0,23
1231,2019-05-16,Hassan,1,1,4,0,0,2,0,0,42,0,23
1232,2019-05-17,Hassan,1,1,4,0,0,2,0,0,42,0,22
1233,2019-05-18,Hassan,1,1,4,0,0,2,0,0,42,0,22
1234,2019-05-19,Hassan,1,1,4,0,0,2,0,0,42,0,22
1235,2019-05-20,Hassan,1,1,4,0,0,2,0,0,42,0,22
1236,2019-05-21,Hassan,1,1,3,0,1,2,0,0,42,0,22
1237,2019-05-22,Hassan,1,1,3,0,1,2,0,0,42,0,22
1238,2019-05-23,Hassan,1,1,3,0,1,2,0,0,42,0,21
1239,2019-05-24,Hassan,1,1,3,0,1,2,0,0,42,0,21
1240,2019-05-25,Hassan,1,1,3,0,1,2,0,0,42,0,21
1241,2019-05-26,Hassan,1,1,3,0,1,2,0,0,42,0,21
1242,2019-05-27,Hassan,1,1,3,0,1,2,0,0,42,0,21
1243,2019-05-28,Hassan,1,1,3,0,2,2,0,0,42,0,21
1244,2019-05-29,Hassan,1,1,3,0,2,2,0,0,42,0,21
1245,2019-05-30,Hassan,1,1,3,0,2,2,0,0,42,0,20
1246,2019-05-31,Hassan,1,1,3,0,2,2,0,0,42,0,20
1247,2019-06-01,Hassan,2,1,3,0,2,2,0,0,42,0,20
1248,2019-06-02,Hassan,2,1,3,0,2,2,0,0,42,0,20
1249,2019-06-03,Hassan,2,1,3,0,2,2,0,0,42,0,20
1250,2019-06-04,Hassan,2,1,3,0,2,2,0,0,42,0,20
1251,2019-06-05,Hassan,2,1,3,0,3,2,0,0,42,0,20
1252,2019-06-06,Hassan,2,1,3,0,3,2,0,0,42,0,20
1253,2019-06-07,Hassan,2,1,3,0,3,2,0,0,42,0,20
1254,2019-06-08,Hassan,2,1,3,0,3,2,0,0,42,0,20
1255,2019-06-09,Hassan,2,1,3,0,3,2,0,0,42,0,20
1256,2019-06-10,Hassan,2,1,3,0,3,2,0,0,42,0,20
1257,2019-06-11,Hassan,2,1,3,0,3,2,0,0,41,0,20
1258,2019-06-12,Hassan,2,1,3,0,3,2,0,0,41,0,20
1259,2019-06-13,Hassan,2,1,3,0,3,2,0,0,41,0,20
1260,2019-06-14,Hassan,2,1,3,0,3,2,0,0,41,0,20
1261,2019-06-15,Hassan,2,1,3,0,3,2,0,0,41,0,20
1262,2019-06-16,Hassan,2,1,3,0,3,2,0,0,41,0,20
1263,2019-06-17,Hassan,2,1,3,0,3,2,0,0,41,0,20
1264,2019-06-18,Hassan,2,1,3,0,3,2,0,0,41,0,20
1265,2019-06-19,Hassan,2,1,3,0,3,2,0,0,41,0,20
1266,2019-06-20,Hassan,3,1,3,0,3,2,0,0,41,1,20
1267,2019-06-21,Hassan,3,0,3,0,3,2,0,0,41,1,20
1268,2019-06-22,Hassan,3,0,4,0,3,2,0,0,40,1,20
1269,2019-06-23,Hassan,3,0,4,0,3,2,0,0,40,1,20
1270,2019-06-24,Hassan,3,0,4,0,3,2,0,0,40,1,20
1271,2019-06-25,Hassan,3,0,4,0,3,2,0,0,40,1,21
1272,2019-06-26,Hassan,3,0,4,0,3,2,0,0,40,1,21
1273,2019-06-27,Hassan,3,0,4,0,3,2,0,0,40,1,21
1274,2019-06-28,Hassan,3,0,4,0,3,2,0,0,40,1,21
1275,2019-06-29,Hassan,3,0,4,0,3,2,0,0,40,1,21
1276,2019-06-30,Hassan,3,0,4,0,3,2,0,0,40,1,21
1277,2019-07-01,Hassan,3,0,4,0,3,2,0,0,40,1,22
1278,2019-07-02,Hassan,3,0,5,0,3,2,0,0,40,1,22
1279,2019-07-03,Hassan,3,0,5,0,3,2,0,0,40,1,22
1280,2019-07-04,Hassan,3,0,5,0,3,2,0,0,40,1,22
1281,2019-07-05,Hassan,3,0,5,0,3,2,0,0,39,1,22
1282,2019-07-06,Hassan,3,0,5,0,3,2,0,0,39,1,23
1283,2019-07-07,Hassan,3,0,5,0,2,2,0,0,39,1,23
1284,2019-07-08,Hassan,3,0,5,0,2,2,0,0,39,2,23
1285,2019-07-09,Hassan,3,0,5,0,2,2,0,0,39,2,23
1286,2019-07-10,Hassan,3,0,6,0,2,2,0,0,39,2,23
1287,2019-07-11,Hassan,3,0,6,0,2,2,0,0,39,2,23
1288,2019-07-12,Hassan,3,0,6,0,2,2,0,0,39,2,23
1289,2019-07-13,Hassan,3,0,6,0,2,2,0,0,39,2,24
1290,2019-07-14,Hassan,3,0,6,0,2,2,0,0,39,2,24
1291,2019-07-15,Hassan,3,0,6,0,2,2,0,0,39,2,24
1292,2019-07-16,Hassan,3,0,6,0,2,2,0,0,39,2,24
1293,2019-07-17,Hassan,3,0,7,0,1,2,0,0,39,2,24
1294,2019-07-18,Hassan,3,0,7,0,1,2,0,0,39,2,24
1295,2019-07-19,Hassan,3,0,7,0,1,2,0,0,39,2,24
1296,2019-07-20,Hassan,3,0,7,0,1,2,0,0,39,2,24
1297,2019-07-21,Hassan,3,0,7,0,1,2,0,0,40,2,24
1298,2019-07-22,Hassan,3,0,7,0,1,2,0,0,40,2,25
1299,2019-07-23,Hassan,3,0,8,0,1,2,0,0,40,2,25
1300,2019-07-24,Hassan,3,0,8,0,1,2,0,0,40,2,25
1301,2019-07-25,Hassan,3,0,8,0,1,2,0,0,40,2,25
1302,2019-07-26,Hassan,3,0,8,0,1,2,0,0,40,1,25
1303,2019-07-27,Hassan,3,0,8,0,1,2,0,0,40,1,25
1304,2019-07-28,Hassan,3,0,8,0,1,2,0,0,40,1,25
1305,2019-07-29,Hassan,3,0,8,0,1,2,0,0,40,1,25
1306,2019-07-30,Hassan,3,0,9,0,1,2,0,0,40,1,25
1307,2019-07-31,Hassan,3,0,9,0,1,2,0,0,40,1,25
1308,2019-08-01,Hassan,3,0,9,0,1,2,0,0,40,1,25
1309,2019-08-02,Hassan,3,0,9,0,1,2,0,0,41,1,25
1310,2019-08-03,Hassan,3,0,9,0,0,2,0,0,41,1,25
1311,2019-08-04,Hassan,3,0,9,0,0,2,0,0,41,1,25
1312,2019-08-05,Hassan,3,0,9,0,0,2,0,0,41,1,25
1313,2019-08-06,Hassan,3,0,9,0,0,2,0,0,41,1,25
1314,2019-08-07,Hassan,3,0,9,0,0,2,0,0,41,1,25
1315,2019-08-08,Hassan,3,0,10,0,0,2,0,0,41,1,25
1316,2019-08-09,Hassan,3,0,10,0,0,2,0,0,41,1,25
1317,2019-08-10,Hassan,3,0,10,0,0,2,0,0,41,1,25
1318,2019-08-11,Hassan,3,0,10,0,0,2,0,0,41,1,25
1319,2019-08-12,Hassan,3,0,10,0,0,2,0,0,42,1,25
1320,2019-08-13,Hassan,3,0,10,0,0,2,0,0,42,1,25
1321,2019-08-14,Hassan,3,0,10,0,0,2,0,0,42,1,25
1322,2019-08-15,Hassan,3,0,10,0,0,2,0,0,42,1,25
1323,2019-08-16,Hassan,3,0,10,0,0,2,0,0,42,1,25
1324,2019-08-17,Hassan,3,0,10,0,0,2,0,0,42,1,25
1325,2019-08-18,Hassan,3,0,10,0,0,2,0,0,42,1,25
1326,2019-08-19,Hassan,3,0,10,0,0,2,0,0,42,1,25
1327,2019-08-20,Hassan,3,0,10,0,0,2,0,0,42,1,25
1328,2019-08-21,Hassan,3,0,10,0,0,2,0,0,42,1,25
1329,2019-08-22,Hassan,3,0,10,0,0,2,0,0,42,1,25
1330,2019-08-23,Hassan,3,0,10,0,0,2,0,0,42,1,25
1331,2019-08-24,Hassan,3,0,10,0,0,2,0,0,42,1,25
1332,2019-08-25,Hassan,3,0,10,0,0,2,0,0,43,1,25
1333,2019-08-26,Hassan,3,0,10,0,0,2,0,0,43,1,24
1334,2019-08-27,Hassan,3,0,10,0,0,2,0,0,43,1,24
1335,2019-08-28,Hassan,3,0,10,0,0,2,0,0,43,1,24
1336,2019-08-29,Hassan,3,0,10,0,0,2,0,0,43,1,24
1337,2019-08-30,Hassan,3,0,10,0,0,2,0,0,43,1,24
1338,2019-08-31,Hassan,3,0,9,0,0,2,0,0,43,1,24
1339,2019-09-01,Hassan,3,0,9,0,1,2,0,0,43,1,24
1340,2019-09-02,Hassan,3,0,9,0,1,2,0,0,43,1,24
1341,2019-09-03,Hassan,3,0,9,0,1,2,0,0,43,1,24
1342,2019-09-04,Hassan,3,0,9,0,1,2,0,0,43,1,24
1343,2019-09-05,Hassan,3,0,9,0,1,2,0,0,43,1,24
1344,2019-09-06,Hassan,3,0,9,0,1,2,0,0,43,1,24
1345,2019-09-07,Hassan,3,0,9,0,1,2,0,0,43,1,24
1346,2019-09-08,Hassan,3,0,9,0,1,2,0,0,43,1,24
1347,2019-09-09,Hassan,3,0,9,0,1,2,0,0,43,1,24
1348,2019-09-10,Hassan,3,0,9,0,1,2,0,0,43,1,24
1349,2019-09-11,Hassan,3,0,9,0,1,2,0,0,43,1,24
1350,2019-09-12,Hassan,3,0,9,0,1,2,0,0,43,1,24
1351,2019-09-13,Hassan,3,0,9,0,1,2,0,0,43,1,24
1352,2019-09-14,Hassan,3,0,9,0,1,2,0,0,43,1,24
1353,2019-09-15,Hassan,3,0,8,0,1,2,0,0,43,1,24
1354,2019-09-16,Hassan,3,0,8,0,1,2,0,0,43,1,24
1355,2019-09-17,Hassan,3,0,8,0,1,2,0,0,43,1,24
1356,2019-09-18,Hassan,3,0,8,0,1,2,0,0,43,1,24
1357,2019-09-19,Hassan,3,0,8,0,1,2,0,0,43,1,24
1358,2019-09-20,Hassan,3,0,8,0,1,2,0,0,43,1,24
1359,2019-09-21,Hassan,3,0,8,0,1,2,0,0,43,1,24
1360,2019-09-22,Hassan,3,0,8,0,1,2,0,0,43,1,24
1361,2019-09-23,Hassan,3,0,8,0,1,2,0,0,43,1,24
1362,2019-09-24,Hassan,3,0,8,0,1,2,0,0,43,1,24
1363,2019-09-25,Hassan,3,0,8,0,1,2,0,0,43,1,24
1364,2019-09-26,Hassan,3,0,8,0,1,2,0,0,43,1,25
1365,2019-09-27,Hassan,3,0,8,0,1,2,0,0,43,0,25
1366,2019-09-28,Hassan,3,0,8,0,1,2,0,0,43,0,25
1367,2019-09-29,Hassan,3,0,8,0,1,2,0,0,43,0,25
1368,2019-09-30,Hassan,3,0,8,0,1,2,0,0,43,0,25
1369,2019-10-01,Hassan,3,0,8,0,1,2,0,0,43,0,25
1370,2019-10-02,Hassan,3,0,8,0,1,2,0,0,43,0,25
1371,2019-10-03,Hassan,3,0,8,0,0,2,0,0,43,0,25
1372,2019-10-04,Hassan,2,0,8,0,0,2,0,0,43,0,25
1373,2019-10-05,Hassan,2,0,8,0,0,2,0,0,43,0,25
1374,2019-10-06,Hassan,2,0,8,0,0,2,0,0,43,0,25
1375,2019-10-07,Hassan,2,0,8,0,0,2,0,0,43,0,25
1376,2019-10-08,Hassan,2,0,8,0,0,2,0,0,43,0,25
1377,2019-10-09,Hassan,2,0,8,0,0,2,0,0,43,0,25
1378,2019-10-10,Hassan,2,0,8,0,0,2,0,0,43,0,25
1379,2019-10-11,Hassan,2,0,8,0,0,2,0,0,44,0,25
1380,2019-10-12,Hassan,2,0,8,0,0,2,0,0,44,0,25
1381,2019-10-13,Hassan,2,0,8,0,0,2,0,0,44,0,26
1382,2019-10-14,Hassan,2,0,8,0,0,2,0,0,44,0,26
1383,2019-10-15,Hassan,2,0,8,0,0,2,0,0,44,0,26
1384,2019-10-16,Hassan,2,0,8,0,0,2,0,0,44,0,26
1385,2019-10-17,Hassan,2,0,8,0,0,2,0,0,44,0,26
1386,2019-10-18,Hassan,2,0,8,0,0,2,0,0,44,0,26
1387,2019-10-19,Hassan,2,0,7,0,0,2,0,0,44,0,26
1388,2019-10-20,Hassan,2,0,7,0,0,2,0,0,44,0,27
1389,2019-10-21,Hassan,2,0,7,0,0,2,0,0,44,0,27
1390,2019-10-22,Hassan,2,0,7,0,0,2,0,0,44,0,27
1391,2019-10-23,Hassan,2,0,7,0,0,2,0,0,44,0,27
1392,2019-10-24,Hassan,2,0,7,0,0,2,0,0,44,0,27
1393,2019-10-25,Hassan,2,0,7,0,0,2,0,0,44,0,28
1394,2019-10-26,Hassan,2,0,7,0,0,2,0,0,44,0,28
1395,2019-10-27,Hassan,2,0,7,0,0,2,0,0,44,0,28
1396,2019-10-28,Hassan,2,0,7,0,0,2,0,0,44,0,28
1397,2019-10-29,Hassan,2,0,7,0,0,2,0,0,44,0,28
1398,2019-10-30,Hassan,2,0,7,0,0,2,0,0,45,0,29
1399,2019-10-31,Hassan,2,0,7,0,0,2,0,0,45,0,29
1400,2019-11-01,Hassan,2,0,7,0,0,2,0,0,45,0,29
1401,2019-11-02,Hassan,2,0,7,0,0,2,0,0,45,0,29
1402,2019-11-03,Hassan,2,0,6,0,0,2,0,0,45,0,29
1403,2019-11-04,Hassan,2,0,6,0,0,2,0,0,45,0,29
1404,2019-11-05,Hassan,2,0,6,0,0,2,0,0,45,0,30
1405,2019-11-06,Hassan,2,0,6,0,0,2,0,0,45,0,30
1406,2019-11-07,Hassan,2,0,6,0,0,2,0,0,45,0,30
1407,2019-11-08,Hassan,2,0,6,0,0,2,0,0,45,0,30
1408,2019-11-09,Hassan,2,0,6,0,0,2,0,0,45,0,30
1409,2019-11-10,Hassan,2,0,6,0,0,2,0,0,45,0,30
1410,2019-11-11,Hassan,2,0,6,0,0,2,0,0,45,0,30
1411,2019-11-12,Hassan,2,0,6,0,0,2,0,0,45,0,30
1412,2019-11-13,Hassan,2,0,6,0,0,2,0,0,45,0,30
1413,2019-11-14,Hassan,2,0,6,0,0,2,0,0,45,0,30
1414,2019-11-15,Hassan,2,0,6,0,0,2,0,0,45,0,30
1415,2019-11-16,Hassan,2,0,5,0,0,2,0,0,44,0,30
1416,2019-11-17,Hassan,2,0,5,0,0,2,0,0,44,0,30
1417,2019-11-18,Hassan,2,0,5,0,0,2,0,0,44,0,30
1418,2019-11-19,Hassan,2,0,5,0,0,2,0,0,44,0,30
1419,2019-11-20,Hassan,2,0,5,0,0,2,0,0,44,0,30
1420,2019-11-21,Hassan,2,0,5,0,0,2,0,0,44,0,30
1421,2019-11-22,Hassan,2,0,5,0,0,2,0,0,44,0,30
1422,2019-11-23,Hassan,2,0,5,0,0,2,0,0,44,0,30
1423,2019-11-24,Hassan,2,0,5,0,0,2,0,0,43,0,30
1424,2019-11-25,Hassan,2,0,5,0,0,2,0,0,43,0,29
1425,2019-11-26,Hassan,2,0,5,0,0,2,0,0,43,0,29
1426,2019-11-27,Hassan,2,0,5,0,1,2,0,0,43,0,29
1427,2019-11-28,Hassan,2,0,5,0,1,2,0,0,42,0,29
1428,2019-11-29,Hassan,2,0,5,0,1,2,0,0,42,0,28
1429,2019-11-30,Hassan,2,0,5,0,1,2,0,0,42,0,28
1430,2019-12-01,Hassan,2,0,5,0,1,2,0,0,42,0,28
1431,2019-12-02,Hassan,2,0,5,0,1,2,0,0,41,0,27
1432,2019-12-03,Hassan,2,0,5,0,1,2,0,0,41,0,27
1433,2019-12-04,Hassan,2,0,5,0,1,2,0,0,41,0,26
1434,2019-12-05,Hassan,2,0,5,0,1,2,0,0,40,0,26
1435,2019-12-06,Hassan,2,0,5,0,1,2,0,0,40,0,25
1436,2019-12-07,Hassan,2,0,5,0,1,2,0,0,39,0,25
1437,2019-12-08,Hassan,2,0,5,0,1,2,0,0,39,0,24
1438,2019-12-09,Hassan,2,0,5,0,1,2,0,0,38,0,23
1439,2019-12-10,Hassan,2,0,5,0,1,2,0,0,38,0,23
1440,2019-12-11,Hassan,2,0,5,0,1,2,0,0,37,0,22
1441,2019-12-12,Hassan,2,0,5,0,1,2,0,0,37,0,21
1442,2019-12-13,Hassan,2,0,5,0,1,2,0,0,36,0,20
1443,2019-12-14,Hassan,2,0,5,0,1,2,0,0,36,0,19
1444,2019-12-15,Hassan,2,0,5,0,1,2,0,0,35,0,18
1445,2019-12-16,Hassan,2,0,5,0,1,2,0,0,39,0,17
1446,2019-12-17,Hassan,2,0,5,0,1,2,0,0,38,0,16
1447,2019-12-18,Hassan,2,0,5,0,1,2,0,0,38,0,15
1448,2019-12-19,Hassan,2,0,5,0,1,2,0,0,37,0,14
1449,2019-12-20,Hassan,2,0,5,0,1,2,0,0,37,0,13
1450,2019-12-21,Hassan,2,0,5,0,1,2,0,0,36,0,12
1451,2019-12-22,Hassan,2,0,5,0,1,2,0,0,40,0,11
1452,2019-12-23,Hassan,2,0,5,0,1,2,0,0,39,0,10
1453,2019-12-24,Hassan,2,0,5,0,1,2,0,0,39,0,9
1454,2019-12-25,Hassan,2,0,5,0,1,2,0,0,38,0,8
1455,2019-12-26,Hassan,2,0,5,0,1,2,0,0,38,0,7
1456,2019-12-27,Hassan,2,0,5,0,1,2,0,0,37,0,6
1457,2019-12-28,Hassan,2,0,5,0,1,2,0,0,41,0,5
1458,2019-12-29,Hassan,2,0,5,0,1,2,0,0,40,0,4
1459,2019-12-30,Hassan,2,0,5,0,1,2,0,0,40,0,3
1460,2019-12-31,Hassan,2,0,5,0,1,2,0,0,39,0,2
